2025-06-03 09:46:24,354 [Worker-4: Loading available Gradle versions] INFO  o.e.b.c.i.u.g.PublishedGradleVersions - Gradle version information cache is up-to-date. Trying to read.
2025-06-04 08:02:53,682 [Worker-1: Loading available Gradle versions] INFO  o.e.b.c.i.u.g.PublishedGradleVersions - Gradle version information cache is up-to-date. Trying to read.
2025-06-05 08:10:28,337 [Worker-5: Loading available Gradle versions] INFO  o.e.b.c.i.u.g.PublishedGradleVersions - Gradle version information cache is up-to-date. Trying to read.
2025-06-06 09:22:33,272 [Worker-12: Loading available Gradle versions] INFO  o.e.b.c.i.u.g.PublishedGradleVersions - Gradle version information cache is out-of-date. Trying to update.
2025-06-07 14:27:58,887 [Worker-50: Loading available Gradle versions] INFO  o.e.b.c.i.u.g.PublishedGradleVersions - Gradle version information cache is out-of-date. Trying to update.
2025-06-07 14:52:44,188 [Worker-36: Loading available Gradle versions] INFO  o.e.b.c.i.u.g.PublishedGradleVersions - Gradle version information cache is up-to-date. Trying to read.
2025-06-07 15:24:43,552 [Worker-1: Loading available Gradle versions] INFO  o.e.b.c.i.u.g.PublishedGradleVersions - Gradle version information cache is up-to-date. Trying to read.
2025-06-07 15:39:37,917 [Worker-2: Loading available Gradle versions] INFO  o.e.b.c.i.u.g.PublishedGradleVersions - Gradle version information cache is up-to-date. Trying to read.
2025-06-08 18:33:11,820 [Worker-20: Loading available Gradle versions] INFO  o.e.b.c.i.u.g.PublishedGradleVersions - Gradle version information cache is out-of-date. Trying to update.
2025-06-09 08:38:19,368 [Worker-8: Loading available Gradle versions] INFO  o.e.b.c.i.u.g.PublishedGradleVersions - Gradle version information cache is up-to-date. Trying to read.
2025-06-10 08:34:29,398 [Worker-5: Loading available Gradle versions] INFO  o.e.b.c.i.u.g.PublishedGradleVersions - Gradle version information cache is out-of-date. Trying to update.
2025-06-12 08:43:12,757 [Worker-5: Loading available Gradle versions] INFO  o.e.b.c.i.u.g.PublishedGradleVersions - Gradle version information cache is up-to-date. Trying to read.
2025-06-13 08:34:41,881 [Worker-8: Loading available Gradle versions] INFO  o.e.b.c.i.u.g.PublishedGradleVersions - Gradle version information cache is up-to-date. Trying to read.
2025-06-17 08:35:16,409 [Worker-10: Loading available Gradle versions] INFO  o.e.b.c.i.u.g.PublishedGradleVersions - Gradle version information cache is out-of-date. Trying to update.
2025-06-20 08:44:13,511 [Worker-13: Loading available Gradle versions] INFO  o.e.b.c.i.u.g.PublishedGradleVersions - Gradle version information cache is up-to-date. Trying to read.
2025-06-20 19:17:00,627 [Worker-8: Loading available Gradle versions] INFO  o.e.b.c.i.u.g.PublishedGradleVersions - Gradle version information cache is up-to-date. Trying to read.
2025-06-21 08:14:16,613 [Worker-3: Loading available Gradle versions] INFO  o.e.b.c.i.u.g.PublishedGradleVersions - Gradle version information cache is up-to-date. Trying to read.
2025-06-23 08:40:38,718 [Worker-2: Loading available Gradle versions] INFO  o.e.b.c.i.u.g.PublishedGradleVersions - Gradle version information cache is out-of-date. Trying to update.
2025-06-25 09:01:00,342 [Worker-5: Loading available Gradle versions] INFO  o.e.b.c.i.u.g.PublishedGradleVersions - Gradle version information cache is up-to-date. Trying to read.
2025-06-25 13:35:26,934 [Worker-2: Loading available Gradle versions] INFO  o.e.b.c.i.u.g.PublishedGradleVersions - Gradle version information cache is up-to-date. Trying to read.
2025-06-25 21:07:22,854 [Worker-4: Loading available Gradle versions] INFO  o.e.b.c.i.u.g.PublishedGradleVersions - Gradle version information cache is out-of-date. Trying to update.
2025-06-26 08:35:10,131 [Worker-10: Loading available Gradle versions] INFO  o.e.b.c.i.u.g.PublishedGradleVersions - Gradle version information cache is up-to-date. Trying to read.
2025-06-27 08:37:32,954 [Worker-4: Loading available Gradle versions] INFO  o.e.b.c.i.u.g.PublishedGradleVersions - Gradle version information cache is up-to-date. Trying to read.
2025-06-28 09:21:27,274 [Worker-14: Loading available Gradle versions] INFO  o.e.b.c.i.u.g.PublishedGradleVersions - Gradle version information cache is out-of-date. Trying to update.
2025-06-30 08:32:25,483 [Worker-4: Loading available Gradle versions] INFO  o.e.b.c.i.u.g.PublishedGradleVersions - Gradle version information cache is up-to-date. Trying to read.
2025-07-01 08:45:28,704 [Worker-7: Loading available Gradle versions] INFO  o.e.b.c.i.u.g.PublishedGradleVersions - Gradle version information cache is out-of-date. Trying to update.
2025-07-01 10:30:15,602 [Worker-5: Loading available Gradle versions] INFO  o.e.b.c.i.u.g.PublishedGradleVersions - Gradle version information cache is up-to-date. Trying to read.
2025-07-01 18:51:58,188 [Worker-0: Loading available Gradle versions] INFO  o.e.b.c.i.u.g.PublishedGradleVersions - Gradle version information cache is up-to-date. Trying to read.
2025-07-02 09:51:27,642 [Worker-15: Loading available Gradle versions] INFO  o.e.b.c.i.u.g.PublishedGradleVersions - Gradle version information cache is out-of-date. Trying to update.
2025-07-03 09:16:52,049 [Worker-13: Loading available Gradle versions] INFO  o.e.b.c.i.u.g.PublishedGradleVersions - Gradle version information cache is up-to-date. Trying to read.
2025-07-05 09:30:21,069 [Worker-8: Loading available Gradle versions] INFO  o.e.b.c.i.u.g.PublishedGradleVersions - Gradle version information cache is up-to-date. Trying to read.
2025-07-06 09:16:10,074 [Worker-10: Loading available Gradle versions] INFO  o.e.b.c.i.u.g.PublishedGradleVersions - Gradle version information cache is out-of-date. Trying to update.
2025-07-06 09:54:46,283 [Worker-5: Loading available Gradle versions] INFO  o.e.b.c.i.u.g.PublishedGradleVersions - Gradle version information cache is up-to-date. Trying to read.
2025-07-07 10:33:46,115 [Worker-5: Loading available Gradle versions] INFO  o.e.b.c.i.u.g.PublishedGradleVersions - Gradle version information cache is out-of-date. Trying to update.
2025-07-08 09:02:15,604 [Worker-0: Loading available Gradle versions] INFO  o.e.b.c.i.u.g.PublishedGradleVersions - Gradle version information cache is up-to-date. Trying to read.
2025-07-09 09:00:07,751 [Worker-0: Loading available Gradle versions] INFO  o.e.b.c.i.u.g.PublishedGradleVersions - Gradle version information cache is out-of-date. Trying to update.
2025-07-09 09:31:28,724 [Worker-20: Creating maven-archetype-quickstart] INFO  o.e.m.c.i.p.ProjectConfigurationManager - Collecting project info '/pom.xml' D:\AViIT\Demos\Selenium_11\MyMavenProject\pom.xml
2025-07-09 09:31:30,044 [Worker-20: Creating maven-archetype-quickstart] INFO  o.e.m.c.i.l.LifecycleMappingFactory - Using org.eclipse.m2e.jdt.JarLifecycleMapping lifecycle mapping for MavenProject: MyMavenProject:MyMavenProject:0.0.1-SNAPSHOT @ D:\AViIT\Demos\Selenium_11\MyMavenProject\pom.xml.
2025-07-09 09:31:30,525 [Worker-20: Creating maven-archetype-quickstart] INFO  o.e.m.j.i.AbstractJavaProjectConfigurator - Adding source folder /MyMavenProject/src/main/java
2025-07-09 09:31:30,545 [Worker-20: Creating maven-archetype-quickstart] INFO  o.e.m.j.i.AbstractJavaProjectConfigurator - Adding source folder /MyMavenProject/src/test/java
2025-07-09 09:31:30,933 [Worker-20: Creating maven-archetype-quickstart] INFO  o.e.m.c.i.p.ProjectConfigurationManager - Imported and configured 1 project(s) in 2 sec
2025-07-09 09:31:32,013 [Worker-18: Building] INFO  o.a.m.s.f.DefaultMavenResourcesFiltering - skip non existing resourceDirectory D:\AViIT\Demos\Selenium_11\MyMavenProject\src\main\resources
2025-07-09 09:31:32,016 [Worker-18: Building] INFO  o.a.m.s.f.DefaultMavenResourcesFiltering - skip non existing resourceDirectory D:\AViIT\Demos\Selenium_11\MyMavenProject\src\test\resources
2025-07-09 09:32:05,468 [Worker-20: Building] INFO  o.a.m.s.f.DefaultMavenResourcesFiltering - skip non existing resourceDirectory D:\AViIT\Demos\Selenium_11\MyMavenProject\src\main\resources
2025-07-09 09:32:05,471 [Worker-20: Building] INFO  o.a.m.s.f.DefaultMavenResourcesFiltering - skip non existing resourceDirectory D:\AViIT\Demos\Selenium_11\MyMavenProject\src\test\resources
2025-07-09 09:32:08,791 [Worker-20: Building] INFO  o.a.m.s.f.DefaultMavenResourcesFiltering - skip non existing resourceDirectory D:\AViIT\Demos\Selenium_11\MyMavenProject\src\main\resources
2025-07-09 09:32:08,793 [Worker-20: Building] INFO  o.a.m.s.f.DefaultMavenResourcesFiltering - skip non existing resourceDirectory D:\AViIT\Demos\Selenium_11\MyMavenProject\src\test\resources
2025-07-09 09:32:59,245 [Worker-20: Building] INFO  o.a.m.s.f.DefaultMavenResourcesFiltering - skip non existing resourceDirectory D:\AViIT\Demos\Selenium_11\MyMavenProject\src\main\resources
2025-07-09 09:32:59,247 [Worker-20: Building] INFO  o.a.m.s.f.DefaultMavenResourcesFiltering - skip non existing resourceDirectory D:\AViIT\Demos\Selenium_11\MyMavenProject\src\test\resources
2025-07-09 09:33:13,834 [Worker-18: Building] INFO  o.a.m.s.f.DefaultMavenResourcesFiltering - skip non existing resourceDirectory D:\AViIT\Demos\Selenium_11\MyMavenProject\src\main\resources
2025-07-09 09:33:13,836 [Worker-18: Building] INFO  o.a.m.s.f.DefaultMavenResourcesFiltering - skip non existing resourceDirectory D:\AViIT\Demos\Selenium_11\MyMavenProject\src\test\resources
2025-07-09 09:33:29,423 [Worker-19: Building] INFO  o.a.m.s.f.DefaultMavenResourcesFiltering - skip non existing resourceDirectory D:\AViIT\Demos\Selenium_11\MyMavenProject\src\main\resources
2025-07-09 09:33:29,424 [Worker-19: Building] INFO  o.a.m.s.f.DefaultMavenResourcesFiltering - skip non existing resourceDirectory D:\AViIT\Demos\Selenium_11\MyMavenProject\src\test\resources
2025-07-09 09:43:23,067 [Worker-23: Building] INFO  o.e.m.c.i.l.LifecycleMappingFactory - Using org.eclipse.m2e.jdt.JarLifecycleMapping lifecycle mapping for MavenProject: MyMavenProject:MyMavenProject:0.0.1-SNAPSHOT @ D:\AViIT\Demos\Selenium_11\MyMavenProject\pom.xml.
2025-07-09 09:43:23,807 [Worker-23: Building] INFO  o.a.m.s.f.DefaultMavenResourcesFiltering - skip non existing resourceDirectory D:\AViIT\Demos\Selenium_11\MyMavenProject\src\main\resources
2025-07-09 09:43:23,813 [Worker-23: Building] INFO  o.a.m.s.f.DefaultMavenResourcesFiltering - skip non existing resourceDirectory D:\AViIT\Demos\Selenium_11\MyMavenProject\src\test\resources
2025-07-09 09:43:25,806 [Worker-24: Building] INFO  o.a.m.s.f.DefaultMavenResourcesFiltering - skip non existing resourceDirectory D:\AViIT\Demos\Selenium_11\MyMavenProject\src\main\resources
2025-07-09 09:43:25,813 [Worker-24: Building] INFO  o.a.m.s.f.DefaultMavenResourcesFiltering - skip non existing resourceDirectory D:\AViIT\Demos\Selenium_11\MyMavenProject\src\test\resources
2025-07-09 09:45:14,442 [Worker-23: Building] INFO  o.a.m.s.f.DefaultMavenResourcesFiltering - skip non existing resourceDirectory D:\AViIT\Demos\Selenium_11\MyMavenProject\src\main\resources
2025-07-09 09:45:14,443 [Worker-23: Building] INFO  o.a.m.s.f.DefaultMavenResourcesFiltering - skip non existing resourceDirectory D:\AViIT\Demos\Selenium_11\MyMavenProject\src\test\resources
2025-07-09 09:49:08,244 [Worker-25: Building] INFO  o.e.m.c.i.l.LifecycleMappingFactory - Using org.eclipse.m2e.jdt.JarLifecycleMapping lifecycle mapping for MavenProject: MyMavenProject:MyMavenProject:0.0.1-SNAPSHOT @ D:\AViIT\Demos\Selenium_11\MyMavenProject\pom.xml.
2025-07-09 09:49:08,950 [Worker-25: Building] INFO  o.a.m.s.f.DefaultMavenResourcesFiltering - skip non existing resourceDirectory D:\AViIT\Demos\Selenium_11\MyMavenProject\src\main\resources
2025-07-09 09:49:08,952 [Worker-25: Building] INFO  o.a.m.s.f.DefaultMavenResourcesFiltering - skip non existing resourceDirectory D:\AViIT\Demos\Selenium_11\MyMavenProject\src\test\resources
2025-07-09 09:49:09,929 [Worker-21: Download sources and javadoc] INFO  o.e.m.c.i.e.AbstractTransferListenerAdapter - Downloading https://repo.maven.apache.org/maven2/org/seleniumhq/selenium/selenium-java/4.34.0/selenium-java-4.34.0-sources.jar
2025-07-09 09:49:09,963 [Worker-21: Download sources and javadoc] INFO  o.e.m.c.i.e.AbstractTransferListenerAdapter - Downloaded https://repo.maven.apache.org/maven2/org/seleniumhq/selenium/selenium-java/4.34.0/selenium-java-4.34.0-sources.jar
2025-07-09 09:49:09,968 [Worker-21: Download sources and javadoc] INFO  o.e.m.j.internal.DownloadSourcesJob - Downloaded sources for org.seleniumhq.selenium:selenium-java:4.34.0
2025-07-09 09:49:10,036 [Worker-21: Download sources and javadoc] INFO  o.e.m.c.i.e.AbstractTransferListenerAdapter - Downloading https://repo.maven.apache.org/maven2/org/seleniumhq/selenium/selenium-api/4.34.0/selenium-api-4.34.0-sources.jar
2025-07-09 09:49:10,104 [Worker-21: Download sources and javadoc] INFO  o.e.m.c.i.e.AbstractTransferListenerAdapter - Downloaded https://repo.maven.apache.org/maven2/org/seleniumhq/selenium/selenium-api/4.34.0/selenium-api-4.34.0-sources.jar
2025-07-09 09:49:10,108 [Worker-21: Download sources and javadoc] INFO  o.e.m.j.internal.DownloadSourcesJob - Downloaded sources for org.seleniumhq.selenium:selenium-api:4.34.0
2025-07-09 09:49:10,168 [Worker-21: Download sources and javadoc] INFO  o.e.m.c.i.e.AbstractTransferListenerAdapter - Downloading https://repo.maven.apache.org/maven2/org/seleniumhq/selenium/selenium-chrome-driver/4.34.0/selenium-chrome-driver-4.34.0-sources.jar
2025-07-09 09:49:10,206 [Worker-21: Download sources and javadoc] INFO  o.e.m.c.i.e.AbstractTransferListenerAdapter - Downloaded https://repo.maven.apache.org/maven2/org/seleniumhq/selenium/selenium-chrome-driver/4.34.0/selenium-chrome-driver-4.34.0-sources.jar
2025-07-09 09:49:10,210 [Worker-21: Download sources and javadoc] INFO  o.e.m.j.internal.DownloadSourcesJob - Downloaded sources for org.seleniumhq.selenium:selenium-chrome-driver:4.34.0
2025-07-09 09:49:10,264 [Worker-21: Download sources and javadoc] INFO  o.e.m.c.i.e.AbstractTransferListenerAdapter - Downloading https://repo.maven.apache.org/maven2/org/seleniumhq/selenium/selenium-chromium-driver/4.34.0/selenium-chromium-driver-4.34.0-sources.jar
2025-07-09 09:49:10,289 [Worker-21: Download sources and javadoc] INFO  o.e.m.c.i.e.AbstractTransferListenerAdapter - Downloaded https://repo.maven.apache.org/maven2/org/seleniumhq/selenium/selenium-chromium-driver/4.34.0/selenium-chromium-driver-4.34.0-sources.jar
2025-07-09 09:49:10,293 [Worker-21: Download sources and javadoc] INFO  o.e.m.j.internal.DownloadSourcesJob - Downloaded sources for org.seleniumhq.selenium:selenium-chromium-driver:4.34.0
2025-07-09 09:49:10,350 [Worker-21: Download sources and javadoc] INFO  o.e.m.c.i.e.AbstractTransferListenerAdapter - Downloading https://repo.maven.apache.org/maven2/org/seleniumhq/selenium/selenium-json/4.34.0/selenium-json-4.34.0-sources.jar
2025-07-09 09:49:10,387 [Worker-21: Download sources and javadoc] INFO  o.e.m.c.i.e.AbstractTransferListenerAdapter - Downloaded https://repo.maven.apache.org/maven2/org/seleniumhq/selenium/selenium-json/4.34.0/selenium-json-4.34.0-sources.jar
2025-07-09 09:49:10,392 [Worker-21: Download sources and javadoc] INFO  o.e.m.j.internal.DownloadSourcesJob - Downloaded sources for org.seleniumhq.selenium:selenium-json:4.34.0
2025-07-09 09:49:10,494 [Worker-21: Download sources and javadoc] INFO  o.e.m.c.i.e.AbstractTransferListenerAdapter - Downloading https://repo.maven.apache.org/maven2/org/seleniumhq/selenium/selenium-manager/4.34.0/selenium-manager-4.34.0-sources.jar
2025-07-09 09:49:10,527 [Worker-21: Download sources and javadoc] INFO  o.e.m.c.i.e.AbstractTransferListenerAdapter - Downloaded https://repo.maven.apache.org/maven2/org/seleniumhq/selenium/selenium-manager/4.34.0/selenium-manager-4.34.0-sources.jar
2025-07-09 09:49:10,534 [Worker-21: Download sources and javadoc] INFO  o.e.m.j.internal.DownloadSourcesJob - Downloaded sources for org.seleniumhq.selenium:selenium-manager:4.34.0
2025-07-09 09:49:10,623 [Worker-21: Download sources and javadoc] INFO  o.e.m.c.i.e.AbstractTransferListenerAdapter - Downloading https://repo.maven.apache.org/maven2/org/seleniumhq/selenium/selenium-devtools-v136/4.34.0/selenium-devtools-v136-4.34.0-sources.jar
2025-07-09 09:49:10,871 [Worker-21: Download sources and javadoc] INFO  o.e.m.c.i.e.AbstractTransferListenerAdapter - Downloaded https://repo.maven.apache.org/maven2/org/seleniumhq/selenium/selenium-devtools-v136/4.34.0/selenium-devtools-v136-4.34.0-sources.jar
2025-07-09 09:49:10,874 [Worker-21: Download sources and javadoc] INFO  o.e.m.j.internal.DownloadSourcesJob - Downloaded sources for org.seleniumhq.selenium:selenium-devtools-v136:4.34.0
2025-07-09 09:49:10,961 [Worker-21: Download sources and javadoc] INFO  o.e.m.c.i.e.AbstractTransferListenerAdapter - Downloading https://repo.maven.apache.org/maven2/org/seleniumhq/selenium/selenium-devtools-v137/4.34.0/selenium-devtools-v137-4.34.0-sources.jar
2025-07-09 09:49:11,051 [Worker-23: Building] INFO  o.a.m.s.f.DefaultMavenResourcesFiltering - skip non existing resourceDirectory D:\AViIT\Demos\Selenium_11\MyMavenProject\src\main\resources
2025-07-09 09:49:11,054 [Worker-23: Building] INFO  o.a.m.s.f.DefaultMavenResourcesFiltering - skip non existing resourceDirectory D:\AViIT\Demos\Selenium_11\MyMavenProject\src\test\resources
2025-07-09 09:49:11,298 [Worker-21: Download sources and javadoc] INFO  o.e.m.c.i.e.AbstractTransferListenerAdapter - Downloaded https://repo.maven.apache.org/maven2/org/seleniumhq/selenium/selenium-devtools-v137/4.34.0/selenium-devtools-v137-4.34.0-sources.jar
2025-07-09 09:49:11,302 [Worker-21: Download sources and javadoc] INFO  o.e.m.j.internal.DownloadSourcesJob - Downloaded sources for org.seleniumhq.selenium:selenium-devtools-v137:4.34.0
2025-07-09 09:49:11,425 [Worker-21: Download sources and javadoc] INFO  o.e.m.c.i.e.AbstractTransferListenerAdapter - Downloading https://repo.maven.apache.org/maven2/org/seleniumhq/selenium/selenium-devtools-v138/4.34.0/selenium-devtools-v138-4.34.0-sources.jar
2025-07-09 09:49:11,645 [Worker-21: Download sources and javadoc] INFO  o.e.m.c.i.e.AbstractTransferListenerAdapter - Downloaded https://repo.maven.apache.org/maven2/org/seleniumhq/selenium/selenium-devtools-v138/4.34.0/selenium-devtools-v138-4.34.0-sources.jar
2025-07-09 09:49:11,648 [Worker-21: Download sources and javadoc] INFO  o.e.m.j.internal.DownloadSourcesJob - Downloaded sources for org.seleniumhq.selenium:selenium-devtools-v138:4.34.0
2025-07-09 09:49:11,704 [Worker-21: Download sources and javadoc] INFO  o.e.m.c.i.e.AbstractTransferListenerAdapter - Downloading https://repo.maven.apache.org/maven2/org/seleniumhq/selenium/selenium-edge-driver/4.34.0/selenium-edge-driver-4.34.0-sources.jar
2025-07-09 09:49:11,733 [Worker-21: Download sources and javadoc] INFO  o.e.m.c.i.e.AbstractTransferListenerAdapter - Downloaded https://repo.maven.apache.org/maven2/org/seleniumhq/selenium/selenium-edge-driver/4.34.0/selenium-edge-driver-4.34.0-sources.jar
2025-07-09 09:49:11,737 [Worker-21: Download sources and javadoc] INFO  o.e.m.j.internal.DownloadSourcesJob - Downloaded sources for org.seleniumhq.selenium:selenium-edge-driver:4.34.0
2025-07-09 09:49:11,791 [Worker-21: Download sources and javadoc] INFO  o.e.m.c.i.e.AbstractTransferListenerAdapter - Downloading https://repo.maven.apache.org/maven2/org/seleniumhq/selenium/selenium-firefox-driver/4.34.0/selenium-firefox-driver-4.34.0-sources.jar
2025-07-09 09:49:11,818 [Worker-21: Download sources and javadoc] INFO  o.e.m.c.i.e.AbstractTransferListenerAdapter - Downloaded https://repo.maven.apache.org/maven2/org/seleniumhq/selenium/selenium-firefox-driver/4.34.0/selenium-firefox-driver-4.34.0-sources.jar
2025-07-09 09:49:11,824 [Worker-21: Download sources and javadoc] INFO  o.e.m.j.internal.DownloadSourcesJob - Downloaded sources for org.seleniumhq.selenium:selenium-firefox-driver:4.34.0
2025-07-09 09:49:11,889 [Worker-21: Download sources and javadoc] INFO  o.e.m.c.i.e.AbstractTransferListenerAdapter - Downloading https://repo.maven.apache.org/maven2/org/seleniumhq/selenium/selenium-http/4.34.0/selenium-http-4.34.0-sources.jar
2025-07-09 09:49:11,922 [Worker-21: Download sources and javadoc] INFO  o.e.m.c.i.e.AbstractTransferListenerAdapter - Downloaded https://repo.maven.apache.org/maven2/org/seleniumhq/selenium/selenium-http/4.34.0/selenium-http-4.34.0-sources.jar
2025-07-09 09:49:11,927 [Worker-21: Download sources and javadoc] INFO  o.e.m.j.internal.DownloadSourcesJob - Downloaded sources for org.seleniumhq.selenium:selenium-http:4.34.0
2025-07-09 09:49:11,978 [Worker-21: Download sources and javadoc] INFO  o.e.m.c.i.e.AbstractTransferListenerAdapter - Downloading https://repo.maven.apache.org/maven2/org/seleniumhq/selenium/selenium-ie-driver/4.34.0/selenium-ie-driver-4.34.0-sources.jar
2025-07-09 09:49:12,004 [Worker-21: Download sources and javadoc] INFO  o.e.m.c.i.e.AbstractTransferListenerAdapter - Downloaded https://repo.maven.apache.org/maven2/org/seleniumhq/selenium/selenium-ie-driver/4.34.0/selenium-ie-driver-4.34.0-sources.jar
2025-07-09 09:49:12,012 [Worker-21: Download sources and javadoc] INFO  o.e.m.j.internal.DownloadSourcesJob - Downloaded sources for org.seleniumhq.selenium:selenium-ie-driver:4.34.0
2025-07-09 09:49:12,062 [Worker-21: Download sources and javadoc] INFO  o.e.m.c.i.e.AbstractTransferListenerAdapter - Downloading https://repo.maven.apache.org/maven2/org/seleniumhq/selenium/selenium-remote-driver/4.34.0/selenium-remote-driver-4.34.0-sources.jar
2025-07-09 09:49:12,184 [Worker-21: Download sources and javadoc] INFO  o.e.m.c.i.e.AbstractTransferListenerAdapter - Downloaded https://repo.maven.apache.org/maven2/org/seleniumhq/selenium/selenium-remote-driver/4.34.0/selenium-remote-driver-4.34.0-sources.jar
2025-07-09 09:49:12,190 [Worker-21: Download sources and javadoc] INFO  o.e.m.j.internal.DownloadSourcesJob - Downloaded sources for org.seleniumhq.selenium:selenium-remote-driver:4.34.0
2025-07-09 09:49:12,257 [Worker-21: Download sources and javadoc] INFO  o.e.m.c.i.e.AbstractTransferListenerAdapter - Downloading https://repo.maven.apache.org/maven2/io/opentelemetry/opentelemetry-api/1.51.0/opentelemetry-api-1.51.0-sources.jar
2025-07-09 09:49:12,300 [Worker-21: Download sources and javadoc] INFO  o.e.m.c.i.e.AbstractTransferListenerAdapter - Downloaded https://repo.maven.apache.org/maven2/io/opentelemetry/opentelemetry-api/1.51.0/opentelemetry-api-1.51.0-sources.jar
2025-07-09 09:49:12,304 [Worker-21: Download sources and javadoc] INFO  o.e.m.j.internal.DownloadSourcesJob - Downloaded sources for io.opentelemetry:opentelemetry-api:1.51.0
2025-07-09 09:49:12,353 [Worker-21: Download sources and javadoc] INFO  o.e.m.c.i.e.AbstractTransferListenerAdapter - Downloading https://repo.maven.apache.org/maven2/io/opentelemetry/opentelemetry-context/1.51.0/opentelemetry-context-1.51.0-sources.jar
2025-07-09 09:49:12,380 [Worker-21: Download sources and javadoc] INFO  o.e.m.c.i.e.AbstractTransferListenerAdapter - Downloaded https://repo.maven.apache.org/maven2/io/opentelemetry/opentelemetry-context/1.51.0/opentelemetry-context-1.51.0-sources.jar
2025-07-09 09:49:12,384 [Worker-21: Download sources and javadoc] INFO  o.e.m.j.internal.DownloadSourcesJob - Downloaded sources for io.opentelemetry:opentelemetry-context:1.51.0
2025-07-09 09:49:12,444 [Worker-21: Download sources and javadoc] INFO  o.e.m.c.i.e.AbstractTransferListenerAdapter - Downloading https://repo.maven.apache.org/maven2/io/opentelemetry/opentelemetry-exporter-logging/1.51.0/opentelemetry-exporter-logging-1.51.0-sources.jar
2025-07-09 09:49:12,472 [Worker-21: Download sources and javadoc] INFO  o.e.m.c.i.e.AbstractTransferListenerAdapter - Downloaded https://repo.maven.apache.org/maven2/io/opentelemetry/opentelemetry-exporter-logging/1.51.0/opentelemetry-exporter-logging-1.51.0-sources.jar
2025-07-09 09:49:12,475 [Worker-21: Download sources and javadoc] INFO  o.e.m.j.internal.DownloadSourcesJob - Downloaded sources for io.opentelemetry:opentelemetry-exporter-logging:1.51.0
2025-07-09 09:49:12,524 [Worker-21: Download sources and javadoc] INFO  o.e.m.c.i.e.AbstractTransferListenerAdapter - Downloading https://repo.maven.apache.org/maven2/io/opentelemetry/opentelemetry-sdk-common/1.51.0/opentelemetry-sdk-common-1.51.0-sources.jar
2025-07-09 09:49:12,544 [Worker-21: Download sources and javadoc] INFO  o.e.m.c.i.e.AbstractTransferListenerAdapter - Downloaded https://repo.maven.apache.org/maven2/io/opentelemetry/opentelemetry-sdk-common/1.51.0/opentelemetry-sdk-common-1.51.0-sources.jar
2025-07-09 09:49:12,548 [Worker-21: Download sources and javadoc] INFO  o.e.m.j.internal.DownloadSourcesJob - Downloaded sources for io.opentelemetry:opentelemetry-sdk-common:1.51.0
2025-07-09 09:49:12,600 [Worker-21: Download sources and javadoc] INFO  o.e.m.c.i.e.AbstractTransferListenerAdapter - Downloading https://repo.maven.apache.org/maven2/io/opentelemetry/opentelemetry-sdk-extension-autoconfigure-spi/1.51.0/opentelemetry-sdk-extension-autoconfigure-spi-1.51.0-sources.jar
2025-07-09 09:49:12,623 [Worker-21: Download sources and javadoc] INFO  o.e.m.c.i.e.AbstractTransferListenerAdapter - Downloaded https://repo.maven.apache.org/maven2/io/opentelemetry/opentelemetry-sdk-extension-autoconfigure-spi/1.51.0/opentelemetry-sdk-extension-autoconfigure-spi-1.51.0-sources.jar
2025-07-09 09:49:12,627 [Worker-21: Download sources and javadoc] INFO  o.e.m.j.internal.DownloadSourcesJob - Downloaded sources for io.opentelemetry:opentelemetry-sdk-extension-autoconfigure-spi:1.51.0
2025-07-09 09:49:12,677 [Worker-21: Download sources and javadoc] INFO  o.e.m.c.i.e.AbstractTransferListenerAdapter - Downloading https://repo.maven.apache.org/maven2/io/opentelemetry/opentelemetry-sdk-extension-autoconfigure/1.51.0/opentelemetry-sdk-extension-autoconfigure-1.51.0-sources.jar
2025-07-09 09:49:12,699 [Worker-21: Download sources and javadoc] INFO  o.e.m.c.i.e.AbstractTransferListenerAdapter - Downloaded https://repo.maven.apache.org/maven2/io/opentelemetry/opentelemetry-sdk-extension-autoconfigure/1.51.0/opentelemetry-sdk-extension-autoconfigure-1.51.0-sources.jar
2025-07-09 09:49:12,704 [Worker-21: Download sources and javadoc] INFO  o.e.m.j.internal.DownloadSourcesJob - Downloaded sources for io.opentelemetry:opentelemetry-sdk-extension-autoconfigure:1.51.0
2025-07-09 09:49:12,751 [Worker-21: Download sources and javadoc] INFO  o.e.m.c.i.e.AbstractTransferListenerAdapter - Downloading https://repo.maven.apache.org/maven2/io/opentelemetry/opentelemetry-sdk-trace/1.51.0/opentelemetry-sdk-trace-1.51.0-sources.jar
2025-07-09 09:49:12,832 [Worker-21: Download sources and javadoc] INFO  o.e.m.c.i.e.AbstractTransferListenerAdapter - Downloaded https://repo.maven.apache.org/maven2/io/opentelemetry/opentelemetry-sdk-trace/1.51.0/opentelemetry-sdk-trace-1.51.0-sources.jar
2025-07-09 09:49:12,836 [Worker-21: Download sources and javadoc] INFO  o.e.m.j.internal.DownloadSourcesJob - Downloaded sources for io.opentelemetry:opentelemetry-sdk-trace:1.51.0
2025-07-09 09:49:12,896 [Worker-21: Download sources and javadoc] INFO  o.e.m.c.i.e.AbstractTransferListenerAdapter - Downloading https://repo.maven.apache.org/maven2/io/opentelemetry/opentelemetry-sdk/1.51.0/opentelemetry-sdk-1.51.0-sources.jar
2025-07-09 09:49:12,920 [Worker-21: Download sources and javadoc] INFO  o.e.m.c.i.e.AbstractTransferListenerAdapter - Downloaded https://repo.maven.apache.org/maven2/io/opentelemetry/opentelemetry-sdk/1.51.0/opentelemetry-sdk-1.51.0-sources.jar
2025-07-09 09:49:12,925 [Worker-21: Download sources and javadoc] INFO  o.e.m.j.internal.DownloadSourcesJob - Downloaded sources for io.opentelemetry:opentelemetry-sdk:1.51.0
2025-07-09 09:49:12,992 [Worker-21: Download sources and javadoc] INFO  o.e.m.c.i.e.AbstractTransferListenerAdapter - Downloading https://repo.maven.apache.org/maven2/io/opentelemetry/opentelemetry-sdk-metrics/1.51.0/opentelemetry-sdk-metrics-1.51.0-sources.jar
2025-07-09 09:49:13,050 [Worker-21: Download sources and javadoc] INFO  o.e.m.c.i.e.AbstractTransferListenerAdapter - Downloaded https://repo.maven.apache.org/maven2/io/opentelemetry/opentelemetry-sdk-metrics/1.51.0/opentelemetry-sdk-metrics-1.51.0-sources.jar
2025-07-09 09:49:13,055 [Worker-21: Download sources and javadoc] INFO  o.e.m.j.internal.DownloadSourcesJob - Downloaded sources for io.opentelemetry:opentelemetry-sdk-metrics:1.51.0
2025-07-09 09:49:13,110 [Worker-21: Download sources and javadoc] INFO  o.e.m.c.i.e.AbstractTransferListenerAdapter - Downloading https://repo.maven.apache.org/maven2/io/opentelemetry/opentelemetry-sdk-logs/1.51.0/opentelemetry-sdk-logs-1.51.0-sources.jar
2025-07-09 09:49:13,145 [Worker-21: Download sources and javadoc] INFO  o.e.m.c.i.e.AbstractTransferListenerAdapter - Downloaded https://repo.maven.apache.org/maven2/io/opentelemetry/opentelemetry-sdk-logs/1.51.0/opentelemetry-sdk-logs-1.51.0-sources.jar
2025-07-09 09:49:13,149 [Worker-21: Download sources and javadoc] INFO  o.e.m.j.internal.DownloadSourcesJob - Downloaded sources for io.opentelemetry:opentelemetry-sdk-logs:1.51.0
2025-07-09 09:49:13,200 [Worker-21: Download sources and javadoc] INFO  o.e.m.c.i.e.AbstractTransferListenerAdapter - Downloading https://repo.maven.apache.org/maven2/net/bytebuddy/byte-buddy/1.17.6/byte-buddy-1.17.6-sources.jar
2025-07-09 09:49:14,093 [Worker-21: Download sources and javadoc] INFO  o.e.m.c.i.e.AbstractTransferListenerAdapter - Downloaded https://repo.maven.apache.org/maven2/net/bytebuddy/byte-buddy/1.17.6/byte-buddy-1.17.6-sources.jar
2025-07-09 09:49:14,098 [Worker-21: Download sources and javadoc] INFO  o.e.m.j.internal.DownloadSourcesJob - Downloaded sources for net.bytebuddy:byte-buddy:1.17.6
2025-07-09 09:49:14,144 [Worker-21: Download sources and javadoc] INFO  o.e.m.c.i.e.AbstractTransferListenerAdapter - Downloading https://repo.maven.apache.org/maven2/org/seleniumhq/selenium/selenium-os/4.34.0/selenium-os-4.34.0-sources.jar
2025-07-09 09:49:14,166 [Worker-21: Download sources and javadoc] INFO  o.e.m.c.i.e.AbstractTransferListenerAdapter - Downloaded https://repo.maven.apache.org/maven2/org/seleniumhq/selenium/selenium-os/4.34.0/selenium-os-4.34.0-sources.jar
2025-07-09 09:49:14,171 [Worker-21: Download sources and javadoc] INFO  o.e.m.j.internal.DownloadSourcesJob - Downloaded sources for org.seleniumhq.selenium:selenium-os:4.34.0
2025-07-09 09:49:14,228 [Worker-21: Download sources and javadoc] INFO  o.e.m.c.i.e.AbstractTransferListenerAdapter - Downloading https://repo.maven.apache.org/maven2/org/apache/commons/commons-exec/1.5.0/commons-exec-1.5.0-sources.jar
2025-07-09 09:49:14,274 [Worker-21: Download sources and javadoc] INFO  o.e.m.c.i.e.AbstractTransferListenerAdapter - Downloaded https://repo.maven.apache.org/maven2/org/apache/commons/commons-exec/1.5.0/commons-exec-1.5.0-sources.jar
2025-07-09 09:49:14,277 [Worker-21: Download sources and javadoc] INFO  o.e.m.j.internal.DownloadSourcesJob - Downloaded sources for org.apache.commons:commons-exec:1.5.0
2025-07-09 09:49:14,341 [Worker-21: Download sources and javadoc] INFO  o.e.m.c.i.e.AbstractTransferListenerAdapter - Downloading https://repo.maven.apache.org/maven2/org/seleniumhq/selenium/selenium-safari-driver/4.34.0/selenium-safari-driver-4.34.0-sources.jar
2025-07-09 09:49:14,364 [Worker-21: Download sources and javadoc] INFO  o.e.m.c.i.e.AbstractTransferListenerAdapter - Downloaded https://repo.maven.apache.org/maven2/org/seleniumhq/selenium/selenium-safari-driver/4.34.0/selenium-safari-driver-4.34.0-sources.jar
2025-07-09 09:49:14,370 [Worker-21: Download sources and javadoc] INFO  o.e.m.j.internal.DownloadSourcesJob - Downloaded sources for org.seleniumhq.selenium:selenium-safari-driver:4.34.0
2025-07-09 09:49:14,418 [Worker-21: Download sources and javadoc] INFO  o.e.m.c.i.e.AbstractTransferListenerAdapter - Downloading https://repo.maven.apache.org/maven2/org/seleniumhq/selenium/selenium-support/4.34.0/selenium-support-4.34.0-sources.jar
2025-07-09 09:49:14,448 [Worker-21: Download sources and javadoc] INFO  o.e.m.c.i.e.AbstractTransferListenerAdapter - Downloaded https://repo.maven.apache.org/maven2/org/seleniumhq/selenium/selenium-support/4.34.0/selenium-support-4.34.0-sources.jar
2025-07-09 09:49:14,460 [Worker-21: Download sources and javadoc] INFO  o.e.m.j.internal.DownloadSourcesJob - Downloaded sources for org.seleniumhq.selenium:selenium-support:4.34.0
2025-07-09 09:49:14,755 [Worker-21: Building] INFO  o.a.m.s.f.DefaultMavenResourcesFiltering - skip non existing resourceDirectory D:\AViIT\Demos\Selenium_11\MyMavenProject\src\main\resources
2025-07-09 09:49:14,756 [Worker-21: Building] INFO  o.a.m.s.f.DefaultMavenResourcesFiltering - skip non existing resourceDirectory D:\AViIT\Demos\Selenium_11\MyMavenProject\src\test\resources
2025-07-09 09:59:38,591 [Worker-28: Building] INFO  o.e.m.c.i.l.LifecycleMappingFactory - Using org.eclipse.m2e.jdt.JarLifecycleMapping lifecycle mapping for MavenProject: MyMavenProject:MyMavenProject:0.0.1-SNAPSHOT @ D:\AViIT\Demos\Selenium_11\MyMavenProject\pom.xml.
2025-07-09 09:59:38,900 [AetherRepositoryConnector-repo.maven.apache.org-0-1] INFO  o.e.m.c.i.e.AbstractTransferListenerAdapter - Downloading https://repo.maven.apache.org/maven2/org/seleniumhq/selenium/selenium-devtools-v122/4.20.0/selenium-devtools-v122-4.20.0.jar
2025-07-09 09:59:39,070 [AetherRepositoryConnector-repo.maven.apache.org-0-4] INFO  o.e.m.c.i.e.AbstractTransferListenerAdapter - Downloading https://repo.maven.apache.org/maven2/org/seleniumhq/selenium/selenium-devtools-v85/4.20.0/selenium-devtools-v85-4.20.0.jar
2025-07-09 09:59:39,070 [AetherRepositoryConnector-repo.maven.apache.org-0-0] INFO  o.e.m.c.i.e.AbstractTransferListenerAdapter - Downloading https://repo.maven.apache.org/maven2/org/seleniumhq/selenium/selenium-manager/4.20.0/selenium-manager-4.20.0.jar
2025-07-09 09:59:39,071 [AetherRepositoryConnector-repo.maven.apache.org-0-2] INFO  o.e.m.c.i.e.AbstractTransferListenerAdapter - Downloading https://repo.maven.apache.org/maven2/org/seleniumhq/selenium/selenium-devtools-v123/4.20.0/selenium-devtools-v123-4.20.0.jar
2025-07-09 09:59:39,071 [AetherRepositoryConnector-repo.maven.apache.org-0-3] INFO  o.e.m.c.i.e.AbstractTransferListenerAdapter - Downloading https://repo.maven.apache.org/maven2/org/seleniumhq/selenium/selenium-devtools-v124/4.20.0/selenium-devtools-v124-4.20.0.jar
2025-07-09 09:59:39,782 [AetherRepositoryConnector-repo.maven.apache.org-0-2] INFO  o.e.m.c.i.e.AbstractTransferListenerAdapter - Downloaded https://repo.maven.apache.org/maven2/org/seleniumhq/selenium/selenium-devtools-v123/4.20.0/selenium-devtools-v123-4.20.0.jar
2025-07-09 09:59:39,782 [AetherRepositoryConnector-repo.maven.apache.org-0-0] INFO  o.e.m.c.i.e.AbstractTransferListenerAdapter - Downloaded https://repo.maven.apache.org/maven2/org/seleniumhq/selenium/selenium-manager/4.20.0/selenium-manager-4.20.0.jar
2025-07-09 09:59:39,783 [AetherRepositoryConnector-repo.maven.apache.org-0-2] INFO  o.e.m.c.i.e.AbstractTransferListenerAdapter - Downloaded https://repo.maven.apache.org/maven2/org/seleniumhq/selenium/selenium-firefox-driver/4.20.0/selenium-firefox-driver-4.20.0.jar
2025-07-09 09:59:39,783 [AetherRepositoryConnector-repo.maven.apache.org-0-0] INFO  o.e.m.c.i.e.AbstractTransferListenerAdapter - Downloaded https://repo.maven.apache.org/maven2/org/seleniumhq/selenium/selenium-edge-driver/4.20.0/selenium-edge-driver-4.20.0.jar
2025-07-09 09:59:39,783 [AetherRepositoryConnector-repo.maven.apache.org-0-0] INFO  o.e.m.c.i.e.AbstractTransferListenerAdapter - Downloaded https://repo.maven.apache.org/maven2/org/seleniumhq/selenium/selenium-ie-driver/4.20.0/selenium-ie-driver-4.20.0.jar
2025-07-09 09:59:39,783 [AetherRepositoryConnector-repo.maven.apache.org-0-2] INFO  o.e.m.c.i.e.AbstractTransferListenerAdapter - Downloaded https://repo.maven.apache.org/maven2/org/seleniumhq/selenium/selenium-http/4.20.0/selenium-http-4.20.0.jar
2025-07-09 09:59:39,783 [AetherRepositoryConnector-repo.maven.apache.org-0-0] INFO  o.e.m.c.i.e.AbstractTransferListenerAdapter - Downloaded https://repo.maven.apache.org/maven2/org/seleniumhq/selenium/selenium-remote-driver/4.20.0/selenium-remote-driver-4.20.0.jar
2025-07-09 09:59:39,783 [AetherRepositoryConnector-repo.maven.apache.org-0-2] INFO  o.e.m.c.i.e.AbstractTransferListenerAdapter - Downloaded https://repo.maven.apache.org/maven2/io/opentelemetry/opentelemetry-api/1.37.0/opentelemetry-api-1.37.0.jar
2025-07-09 09:59:39,783 [AetherRepositoryConnector-repo.maven.apache.org-0-0] INFO  o.e.m.c.i.e.AbstractTransferListenerAdapter - Downloaded https://repo.maven.apache.org/maven2/io/opentelemetry/opentelemetry-context/1.37.0/opentelemetry-context-1.37.0.jar
2025-07-09 09:59:39,783 [AetherRepositoryConnector-repo.maven.apache.org-0-2] INFO  o.e.m.c.i.e.AbstractTransferListenerAdapter - Downloaded https://repo.maven.apache.org/maven2/io/opentelemetry/opentelemetry-exporter-logging/1.37.0/opentelemetry-exporter-logging-1.37.0.jar
2025-07-09 09:59:39,784 [AetherRepositoryConnector-repo.maven.apache.org-0-0] INFO  o.e.m.c.i.e.AbstractTransferListenerAdapter - Downloaded https://repo.maven.apache.org/maven2/io/opentelemetry/opentelemetry-sdk-common/1.37.0/opentelemetry-sdk-common-1.37.0.jar
2025-07-09 09:59:39,784 [AetherRepositoryConnector-repo.maven.apache.org-0-2] INFO  o.e.m.c.i.e.AbstractTransferListenerAdapter - Downloaded https://repo.maven.apache.org/maven2/io/opentelemetry/opentelemetry-sdk-extension-autoconfigure-spi/1.37.0/opentelemetry-sdk-extension-autoconfigure-spi-1.37.0.jar
2025-07-09 09:59:39,784 [AetherRepositoryConnector-repo.maven.apache.org-0-0] INFO  o.e.m.c.i.e.AbstractTransferListenerAdapter - Downloaded https://repo.maven.apache.org/maven2/io/opentelemetry/opentelemetry-sdk-extension-autoconfigure/1.37.0/opentelemetry-sdk-extension-autoconfigure-1.37.0.jar
2025-07-09 09:59:39,784 [AetherRepositoryConnector-repo.maven.apache.org-0-2] INFO  o.e.m.c.i.e.AbstractTransferListenerAdapter - Downloaded https://repo.maven.apache.org/maven2/io/opentelemetry/opentelemetry-api-incubator/1.37.0-alpha/opentelemetry-api-incubator-1.37.0-alpha.jar
2025-07-09 09:59:39,784 [AetherRepositoryConnector-repo.maven.apache.org-0-0] INFO  o.e.m.c.i.e.AbstractTransferListenerAdapter - Downloaded https://repo.maven.apache.org/maven2/io/opentelemetry/opentelemetry-sdk-trace/1.37.0/opentelemetry-sdk-trace-1.37.0.jar
2025-07-09 09:59:39,784 [AetherRepositoryConnector-repo.maven.apache.org-0-2] INFO  o.e.m.c.i.e.AbstractTransferListenerAdapter - Downloaded https://repo.maven.apache.org/maven2/io/opentelemetry/opentelemetry-sdk/1.37.0/opentelemetry-sdk-1.37.0.jar
2025-07-09 09:59:39,784 [AetherRepositoryConnector-repo.maven.apache.org-0-0] INFO  o.e.m.c.i.e.AbstractTransferListenerAdapter - Downloaded https://repo.maven.apache.org/maven2/io/opentelemetry/opentelemetry-sdk-metrics/1.37.0/opentelemetry-sdk-metrics-1.37.0.jar
2025-07-09 09:59:39,784 [AetherRepositoryConnector-repo.maven.apache.org-0-0] INFO  o.e.m.c.i.e.AbstractTransferListenerAdapter - Downloaded https://repo.maven.apache.org/maven2/net/bytebuddy/byte-buddy/1.14.14/byte-buddy-1.14.14.jar
2025-07-09 09:59:39,784 [AetherRepositoryConnector-repo.maven.apache.org-0-2] INFO  o.e.m.c.i.e.AbstractTransferListenerAdapter - Downloaded https://repo.maven.apache.org/maven2/io/opentelemetry/opentelemetry-sdk-logs/1.37.0/opentelemetry-sdk-logs-1.37.0.jar
2025-07-09 09:59:39,784 [AetherRepositoryConnector-repo.maven.apache.org-0-0] INFO  o.e.m.c.i.e.AbstractTransferListenerAdapter - Downloaded https://repo.maven.apache.org/maven2/org/seleniumhq/selenium/selenium-os/4.20.0/selenium-os-4.20.0.jar
2025-07-09 09:59:39,784 [AetherRepositoryConnector-repo.maven.apache.org-0-2] INFO  o.e.m.c.i.e.AbstractTransferListenerAdapter - Downloaded https://repo.maven.apache.org/maven2/org/seleniumhq/selenium/selenium-safari-driver/4.20.0/selenium-safari-driver-4.20.0.jar
2025-07-09 09:59:39,784 [AetherRepositoryConnector-repo.maven.apache.org-0-0] INFO  o.e.m.c.i.e.AbstractTransferListenerAdapter - Downloaded https://repo.maven.apache.org/maven2/org/seleniumhq/selenium/selenium-support/4.20.0/selenium-support-4.20.0.jar
2025-07-09 09:59:39,785 [AetherRepositoryConnector-repo.maven.apache.org-0-3] INFO  o.e.m.c.i.e.AbstractTransferListenerAdapter - Downloaded https://repo.maven.apache.org/maven2/org/seleniumhq/selenium/selenium-devtools-v124/4.20.0/selenium-devtools-v124-4.20.0.jar
2025-07-09 09:59:39,785 [AetherRepositoryConnector-repo.maven.apache.org-0-4] INFO  o.e.m.c.i.e.AbstractTransferListenerAdapter - Downloaded https://repo.maven.apache.org/maven2/org/seleniumhq/selenium/selenium-devtools-v85/4.20.0/selenium-devtools-v85-4.20.0.jar
2025-07-09 09:59:39,798 [AetherRepositoryConnector-repo.maven.apache.org-0-1] INFO  o.e.m.c.i.e.AbstractTransferListenerAdapter - Downloaded https://repo.maven.apache.org/maven2/org/seleniumhq/selenium/selenium-devtools-v122/4.20.0/selenium-devtools-v122-4.20.0.jar
2025-07-09 09:59:40,687 [Worker-25: Building] INFO  o.a.m.s.f.DefaultMavenResourcesFiltering - skip non existing resourceDirectory D:\AViIT\Demos\Selenium_11\MyMavenProject\src\main\resources
2025-07-09 09:59:40,689 [Worker-25: Building] INFO  o.a.m.s.f.DefaultMavenResourcesFiltering - skip non existing resourceDirectory D:\AViIT\Demos\Selenium_11\MyMavenProject\src\test\resources
2025-07-09 09:59:41,045 [Worker-26: Download sources and javadoc] INFO  o.e.m.c.i.e.AbstractTransferListenerAdapter - Downloading https://repo.maven.apache.org/maven2/org/seleniumhq/selenium/selenium-java/4.20.0/selenium-java-4.20.0-sources.jar
2025-07-09 09:59:41,301 [Worker-26: Download sources and javadoc] INFO  o.e.m.c.i.e.AbstractTransferListenerAdapter - Downloaded https://repo.maven.apache.org/maven2/org/seleniumhq/selenium/selenium-java/4.20.0/selenium-java-4.20.0-sources.jar
2025-07-09 09:59:41,305 [Worker-26: Download sources and javadoc] INFO  o.e.m.j.internal.DownloadSourcesJob - Downloaded sources for org.seleniumhq.selenium:selenium-java:4.20.0
2025-07-09 09:59:41,453 [Worker-26: Download sources and javadoc] INFO  o.e.m.c.i.e.AbstractTransferListenerAdapter - Downloading https://repo.maven.apache.org/maven2/org/seleniumhq/selenium/selenium-api/4.20.0/selenium-api-4.20.0-sources.jar
2025-07-09 09:59:41,652 [Worker-26: Download sources and javadoc] INFO  o.e.m.c.i.e.AbstractTransferListenerAdapter - Downloaded https://repo.maven.apache.org/maven2/org/seleniumhq/selenium/selenium-api/4.20.0/selenium-api-4.20.0-sources.jar
2025-07-09 09:59:41,657 [Worker-26: Download sources and javadoc] INFO  o.e.m.j.internal.DownloadSourcesJob - Downloaded sources for org.seleniumhq.selenium:selenium-api:4.20.0
2025-07-09 09:59:41,809 [Worker-26: Download sources and javadoc] INFO  o.e.m.c.i.e.AbstractTransferListenerAdapter - Downloading https://repo.maven.apache.org/maven2/org/seleniumhq/selenium/selenium-chrome-driver/4.20.0/selenium-chrome-driver-4.20.0-sources.jar
2025-07-09 09:59:41,886 [Worker-26: Download sources and javadoc] INFO  o.e.m.c.i.e.AbstractTransferListenerAdapter - Downloaded https://repo.maven.apache.org/maven2/org/seleniumhq/selenium/selenium-chrome-driver/4.20.0/selenium-chrome-driver-4.20.0-sources.jar
2025-07-09 09:59:41,897 [Worker-26: Download sources and javadoc] INFO  o.e.m.j.internal.DownloadSourcesJob - Downloaded sources for org.seleniumhq.selenium:selenium-chrome-driver:4.20.0
2025-07-09 09:59:42,005 [Worker-26: Download sources and javadoc] INFO  o.e.m.c.i.e.AbstractTransferListenerAdapter - Downloading https://repo.maven.apache.org/maven2/org/seleniumhq/selenium/selenium-chromium-driver/4.20.0/selenium-chromium-driver-4.20.0-sources.jar
2025-07-09 09:59:42,060 [Worker-26: Download sources and javadoc] INFO  o.e.m.c.i.e.AbstractTransferListenerAdapter - Downloaded https://repo.maven.apache.org/maven2/org/seleniumhq/selenium/selenium-chromium-driver/4.20.0/selenium-chromium-driver-4.20.0-sources.jar
2025-07-09 09:59:42,063 [Worker-26: Download sources and javadoc] INFO  o.e.m.j.internal.DownloadSourcesJob - Downloaded sources for org.seleniumhq.selenium:selenium-chromium-driver:4.20.0
2025-07-09 09:59:42,220 [Worker-26: Download sources and javadoc] INFO  o.e.m.c.i.e.AbstractTransferListenerAdapter - Downloading https://repo.maven.apache.org/maven2/org/seleniumhq/selenium/selenium-json/4.20.0/selenium-json-4.20.0-sources.jar
2025-07-09 09:59:42,369 [Worker-26: Download sources and javadoc] INFO  o.e.m.c.i.e.AbstractTransferListenerAdapter - Downloaded https://repo.maven.apache.org/maven2/org/seleniumhq/selenium/selenium-json/4.20.0/selenium-json-4.20.0-sources.jar
2025-07-09 09:59:42,381 [Worker-26: Download sources and javadoc] INFO  o.e.m.j.internal.DownloadSourcesJob - Downloaded sources for org.seleniumhq.selenium:selenium-json:4.20.0
2025-07-09 09:59:42,467 [Worker-26: Download sources and javadoc] INFO  o.e.m.c.i.e.AbstractTransferListenerAdapter - Downloading https://repo.maven.apache.org/maven2/org/seleniumhq/selenium/selenium-manager/4.20.0/selenium-manager-4.20.0-sources.jar
2025-07-09 09:59:42,563 [Worker-26: Download sources and javadoc] INFO  o.e.m.c.i.e.AbstractTransferListenerAdapter - Downloaded https://repo.maven.apache.org/maven2/org/seleniumhq/selenium/selenium-manager/4.20.0/selenium-manager-4.20.0-sources.jar
2025-07-09 09:59:42,568 [Worker-26: Download sources and javadoc] INFO  o.e.m.j.internal.DownloadSourcesJob - Downloaded sources for org.seleniumhq.selenium:selenium-manager:4.20.0
2025-07-09 09:59:42,746 [Worker-26: Download sources and javadoc] INFO  o.e.m.c.i.e.AbstractTransferListenerAdapter - Downloading https://repo.maven.apache.org/maven2/org/seleniumhq/selenium/selenium-devtools-v122/4.20.0/selenium-devtools-v122-4.20.0-sources.jar
2025-07-09 09:59:43,259 [Worker-26: Download sources and javadoc] INFO  o.e.m.c.i.e.AbstractTransferListenerAdapter - Downloaded https://repo.maven.apache.org/maven2/org/seleniumhq/selenium/selenium-devtools-v122/4.20.0/selenium-devtools-v122-4.20.0-sources.jar
2025-07-09 09:59:43,262 [Worker-26: Download sources and javadoc] INFO  o.e.m.j.internal.DownloadSourcesJob - Downloaded sources for org.seleniumhq.selenium:selenium-devtools-v122:4.20.0
2025-07-09 09:59:43,374 [Worker-26: Download sources and javadoc] INFO  o.e.m.c.i.e.AbstractTransferListenerAdapter - Downloading https://repo.maven.apache.org/maven2/org/seleniumhq/selenium/selenium-devtools-v123/4.20.0/selenium-devtools-v123-4.20.0-sources.jar
2025-07-09 09:59:43,817 [Worker-26: Download sources and javadoc] INFO  o.e.m.c.i.e.AbstractTransferListenerAdapter - Downloaded https://repo.maven.apache.org/maven2/org/seleniumhq/selenium/selenium-devtools-v123/4.20.0/selenium-devtools-v123-4.20.0-sources.jar
2025-07-09 09:59:43,830 [Worker-26: Download sources and javadoc] INFO  o.e.m.j.internal.DownloadSourcesJob - Downloaded sources for org.seleniumhq.selenium:selenium-devtools-v123:4.20.0
2025-07-09 09:59:43,985 [Worker-26: Download sources and javadoc] INFO  o.e.m.c.i.e.AbstractTransferListenerAdapter - Downloading https://repo.maven.apache.org/maven2/org/seleniumhq/selenium/selenium-devtools-v124/4.20.0/selenium-devtools-v124-4.20.0-sources.jar
2025-07-09 09:59:44,454 [Worker-26: Download sources and javadoc] INFO  o.e.m.c.i.e.AbstractTransferListenerAdapter - Downloaded https://repo.maven.apache.org/maven2/org/seleniumhq/selenium/selenium-devtools-v124/4.20.0/selenium-devtools-v124-4.20.0-sources.jar
2025-07-09 09:59:44,458 [Worker-26: Download sources and javadoc] INFO  o.e.m.j.internal.DownloadSourcesJob - Downloaded sources for org.seleniumhq.selenium:selenium-devtools-v124:4.20.0
2025-07-09 09:59:44,535 [Worker-26: Download sources and javadoc] INFO  o.e.m.c.i.e.AbstractTransferListenerAdapter - Downloading https://repo.maven.apache.org/maven2/org/seleniumhq/selenium/selenium-devtools-v85/4.20.0/selenium-devtools-v85-4.20.0-sources.jar
2025-07-09 09:59:44,854 [Worker-26: Download sources and javadoc] INFO  o.e.m.c.i.e.AbstractTransferListenerAdapter - Downloaded https://repo.maven.apache.org/maven2/org/seleniumhq/selenium/selenium-devtools-v85/4.20.0/selenium-devtools-v85-4.20.0-sources.jar
2025-07-09 09:59:44,857 [Worker-26: Download sources and javadoc] INFO  o.e.m.j.internal.DownloadSourcesJob - Downloaded sources for org.seleniumhq.selenium:selenium-devtools-v85:4.20.0
2025-07-09 09:59:45,035 [Worker-26: Download sources and javadoc] INFO  o.e.m.c.i.e.AbstractTransferListenerAdapter - Downloading https://repo.maven.apache.org/maven2/org/seleniumhq/selenium/selenium-edge-driver/4.20.0/selenium-edge-driver-4.20.0-sources.jar
2025-07-09 09:59:45,061 [Worker-26: Download sources and javadoc] INFO  o.e.m.c.i.e.AbstractTransferListenerAdapter - Downloaded https://repo.maven.apache.org/maven2/org/seleniumhq/selenium/selenium-edge-driver/4.20.0/selenium-edge-driver-4.20.0-sources.jar
2025-07-09 09:59:45,065 [Worker-26: Download sources and javadoc] INFO  o.e.m.j.internal.DownloadSourcesJob - Downloaded sources for org.seleniumhq.selenium:selenium-edge-driver:4.20.0
2025-07-09 09:59:45,139 [Worker-26: Download sources and javadoc] INFO  o.e.m.c.i.e.AbstractTransferListenerAdapter - Downloading https://repo.maven.apache.org/maven2/org/seleniumhq/selenium/selenium-firefox-driver/4.20.0/selenium-firefox-driver-4.20.0-sources.jar
2025-07-09 09:59:45,169 [Worker-26: Download sources and javadoc] INFO  o.e.m.c.i.e.AbstractTransferListenerAdapter - Downloaded https://repo.maven.apache.org/maven2/org/seleniumhq/selenium/selenium-firefox-driver/4.20.0/selenium-firefox-driver-4.20.0-sources.jar
2025-07-09 09:59:45,172 [Worker-26: Download sources and javadoc] INFO  o.e.m.j.internal.DownloadSourcesJob - Downloaded sources for org.seleniumhq.selenium:selenium-firefox-driver:4.20.0
2025-07-09 09:59:45,387 [Worker-26: Download sources and javadoc] INFO  o.e.m.c.i.e.AbstractTransferListenerAdapter - Downloading https://repo.maven.apache.org/maven2/org/seleniumhq/selenium/selenium-http/4.20.0/selenium-http-4.20.0-sources.jar
2025-07-09 09:59:45,425 [Worker-26: Download sources and javadoc] INFO  o.e.m.c.i.e.AbstractTransferListenerAdapter - Downloaded https://repo.maven.apache.org/maven2/org/seleniumhq/selenium/selenium-http/4.20.0/selenium-http-4.20.0-sources.jar
2025-07-09 09:59:45,428 [Worker-26: Download sources and javadoc] INFO  o.e.m.j.internal.DownloadSourcesJob - Downloaded sources for org.seleniumhq.selenium:selenium-http:4.20.0
2025-07-09 09:59:45,620 [Worker-26: Download sources and javadoc] INFO  o.e.m.c.i.e.AbstractTransferListenerAdapter - Downloading https://repo.maven.apache.org/maven2/org/seleniumhq/selenium/selenium-ie-driver/4.20.0/selenium-ie-driver-4.20.0-sources.jar
2025-07-09 09:59:45,639 [Worker-26: Download sources and javadoc] INFO  o.e.m.c.i.e.AbstractTransferListenerAdapter - Downloaded https://repo.maven.apache.org/maven2/org/seleniumhq/selenium/selenium-ie-driver/4.20.0/selenium-ie-driver-4.20.0-sources.jar
2025-07-09 09:59:45,642 [Worker-26: Download sources and javadoc] INFO  o.e.m.j.internal.DownloadSourcesJob - Downloaded sources for org.seleniumhq.selenium:selenium-ie-driver:4.20.0
2025-07-09 09:59:45,712 [Worker-26: Download sources and javadoc] INFO  o.e.m.c.i.e.AbstractTransferListenerAdapter - Downloading https://repo.maven.apache.org/maven2/org/seleniumhq/selenium/selenium-remote-driver/4.20.0/selenium-remote-driver-4.20.0-sources.jar
2025-07-09 09:59:45,949 [Worker-26: Download sources and javadoc] INFO  o.e.m.c.i.e.AbstractTransferListenerAdapter - Downloaded https://repo.maven.apache.org/maven2/org/seleniumhq/selenium/selenium-remote-driver/4.20.0/selenium-remote-driver-4.20.0-sources.jar
2025-07-09 09:59:45,953 [Worker-26: Download sources and javadoc] INFO  o.e.m.j.internal.DownloadSourcesJob - Downloaded sources for org.seleniumhq.selenium:selenium-remote-driver:4.20.0
2025-07-09 09:59:46,046 [Worker-26: Download sources and javadoc] INFO  o.e.m.c.i.e.AbstractTransferListenerAdapter - Downloading https://repo.maven.apache.org/maven2/io/opentelemetry/opentelemetry-api/1.37.0/opentelemetry-api-1.37.0-sources.jar
2025-07-09 09:59:46,124 [Worker-26: Download sources and javadoc] INFO  o.e.m.c.i.e.AbstractTransferListenerAdapter - Downloaded https://repo.maven.apache.org/maven2/io/opentelemetry/opentelemetry-api/1.37.0/opentelemetry-api-1.37.0-sources.jar
2025-07-09 09:59:46,128 [Worker-26: Download sources and javadoc] INFO  o.e.m.j.internal.DownloadSourcesJob - Downloaded sources for io.opentelemetry:opentelemetry-api:1.37.0
2025-07-09 09:59:46,226 [Worker-26: Download sources and javadoc] INFO  o.e.m.c.i.e.AbstractTransferListenerAdapter - Downloading https://repo.maven.apache.org/maven2/io/opentelemetry/opentelemetry-context/1.37.0/opentelemetry-context-1.37.0-sources.jar
2025-07-09 09:59:46,284 [Worker-26: Download sources and javadoc] INFO  o.e.m.c.i.e.AbstractTransferListenerAdapter - Downloaded https://repo.maven.apache.org/maven2/io/opentelemetry/opentelemetry-context/1.37.0/opentelemetry-context-1.37.0-sources.jar
2025-07-09 09:59:46,288 [Worker-26: Download sources and javadoc] INFO  o.e.m.j.internal.DownloadSourcesJob - Downloaded sources for io.opentelemetry:opentelemetry-context:1.37.0
2025-07-09 09:59:46,378 [Worker-26: Download sources and javadoc] INFO  o.e.m.c.i.e.AbstractTransferListenerAdapter - Downloading https://repo.maven.apache.org/maven2/io/opentelemetry/opentelemetry-exporter-logging/1.37.0/opentelemetry-exporter-logging-1.37.0-sources.jar
2025-07-09 09:59:46,431 [Worker-26: Download sources and javadoc] INFO  o.e.m.c.i.e.AbstractTransferListenerAdapter - Downloaded https://repo.maven.apache.org/maven2/io/opentelemetry/opentelemetry-exporter-logging/1.37.0/opentelemetry-exporter-logging-1.37.0-sources.jar
2025-07-09 09:59:46,435 [Worker-26: Download sources and javadoc] INFO  o.e.m.j.internal.DownloadSourcesJob - Downloaded sources for io.opentelemetry:opentelemetry-exporter-logging:1.37.0
2025-07-09 09:59:46,557 [Worker-26: Download sources and javadoc] INFO  o.e.m.c.i.e.AbstractTransferListenerAdapter - Downloading https://repo.maven.apache.org/maven2/io/opentelemetry/opentelemetry-sdk-common/1.37.0/opentelemetry-sdk-common-1.37.0-sources.jar
2025-07-09 09:59:46,621 [Worker-26: Download sources and javadoc] INFO  o.e.m.c.i.e.AbstractTransferListenerAdapter - Downloaded https://repo.maven.apache.org/maven2/io/opentelemetry/opentelemetry-sdk-common/1.37.0/opentelemetry-sdk-common-1.37.0-sources.jar
2025-07-09 09:59:46,627 [Worker-26: Download sources and javadoc] INFO  o.e.m.j.internal.DownloadSourcesJob - Downloaded sources for io.opentelemetry:opentelemetry-sdk-common:1.37.0
2025-07-09 09:59:46,695 [Worker-26: Download sources and javadoc] INFO  o.e.m.c.i.e.AbstractTransferListenerAdapter - Downloading https://repo.maven.apache.org/maven2/io/opentelemetry/opentelemetry-sdk-extension-autoconfigure-spi/1.37.0/opentelemetry-sdk-extension-autoconfigure-spi-1.37.0-sources.jar
2025-07-09 09:59:46,723 [Worker-26: Download sources and javadoc] INFO  o.e.m.c.i.e.AbstractTransferListenerAdapter - Downloaded https://repo.maven.apache.org/maven2/io/opentelemetry/opentelemetry-sdk-extension-autoconfigure-spi/1.37.0/opentelemetry-sdk-extension-autoconfigure-spi-1.37.0-sources.jar
2025-07-09 09:59:46,726 [Worker-26: Download sources and javadoc] INFO  o.e.m.j.internal.DownloadSourcesJob - Downloaded sources for io.opentelemetry:opentelemetry-sdk-extension-autoconfigure-spi:1.37.0
2025-07-09 09:59:46,784 [Worker-26: Download sources and javadoc] INFO  o.e.m.c.i.e.AbstractTransferListenerAdapter - Downloading https://repo.maven.apache.org/maven2/io/opentelemetry/opentelemetry-sdk-extension-autoconfigure/1.37.0/opentelemetry-sdk-extension-autoconfigure-1.37.0-sources.jar
2025-07-09 09:59:47,164 [Worker-26: Download sources and javadoc] INFO  o.e.m.c.i.e.AbstractTransferListenerAdapter - Downloaded https://repo.maven.apache.org/maven2/io/opentelemetry/opentelemetry-sdk-extension-autoconfigure/1.37.0/opentelemetry-sdk-extension-autoconfigure-1.37.0-sources.jar
2025-07-09 09:59:47,168 [Worker-26: Download sources and javadoc] INFO  o.e.m.j.internal.DownloadSourcesJob - Downloaded sources for io.opentelemetry:opentelemetry-sdk-extension-autoconfigure:1.37.0
2025-07-09 09:59:47,228 [Worker-26: Download sources and javadoc] INFO  o.e.m.c.i.e.AbstractTransferListenerAdapter - Downloading https://repo.maven.apache.org/maven2/io/opentelemetry/opentelemetry-api-incubator/1.37.0-alpha/opentelemetry-api-incubator-1.37.0-alpha-sources.jar
2025-07-09 09:59:47,276 [Worker-26: Download sources and javadoc] INFO  o.e.m.c.i.e.AbstractTransferListenerAdapter - Downloaded https://repo.maven.apache.org/maven2/io/opentelemetry/opentelemetry-api-incubator/1.37.0-alpha/opentelemetry-api-incubator-1.37.0-alpha-sources.jar
2025-07-09 09:59:47,280 [Worker-26: Download sources and javadoc] INFO  o.e.m.j.internal.DownloadSourcesJob - Downloaded sources for io.opentelemetry:opentelemetry-api-incubator:1.37.0-alpha
2025-07-09 09:59:47,350 [Worker-26: Download sources and javadoc] INFO  o.e.m.c.i.e.AbstractTransferListenerAdapter - Downloading https://repo.maven.apache.org/maven2/io/opentelemetry/opentelemetry-sdk-trace/1.37.0/opentelemetry-sdk-trace-1.37.0-sources.jar
2025-07-09 09:59:47,395 [Worker-26: Download sources and javadoc] INFO  o.e.m.c.i.e.AbstractTransferListenerAdapter - Downloaded https://repo.maven.apache.org/maven2/io/opentelemetry/opentelemetry-sdk-trace/1.37.0/opentelemetry-sdk-trace-1.37.0-sources.jar
2025-07-09 09:59:47,402 [Worker-26: Download sources and javadoc] INFO  o.e.m.j.internal.DownloadSourcesJob - Downloaded sources for io.opentelemetry:opentelemetry-sdk-trace:1.37.0
2025-07-09 09:59:47,474 [Worker-26: Download sources and javadoc] INFO  o.e.m.c.i.e.AbstractTransferListenerAdapter - Downloading https://repo.maven.apache.org/maven2/io/opentelemetry/opentelemetry-sdk/1.37.0/opentelemetry-sdk-1.37.0-sources.jar
2025-07-09 09:59:47,500 [Worker-26: Download sources and javadoc] INFO  o.e.m.c.i.e.AbstractTransferListenerAdapter - Downloaded https://repo.maven.apache.org/maven2/io/opentelemetry/opentelemetry-sdk/1.37.0/opentelemetry-sdk-1.37.0-sources.jar
2025-07-09 09:59:47,504 [Worker-26: Download sources and javadoc] INFO  o.e.m.j.internal.DownloadSourcesJob - Downloaded sources for io.opentelemetry:opentelemetry-sdk:1.37.0
2025-07-09 09:59:47,576 [Worker-26: Download sources and javadoc] INFO  o.e.m.c.i.e.AbstractTransferListenerAdapter - Downloading https://repo.maven.apache.org/maven2/io/opentelemetry/opentelemetry-sdk-metrics/1.37.0/opentelemetry-sdk-metrics-1.37.0-sources.jar
2025-07-09 09:59:47,639 [Worker-26: Download sources and javadoc] INFO  o.e.m.c.i.e.AbstractTransferListenerAdapter - Downloaded https://repo.maven.apache.org/maven2/io/opentelemetry/opentelemetry-sdk-metrics/1.37.0/opentelemetry-sdk-metrics-1.37.0-sources.jar
2025-07-09 09:59:47,644 [Worker-26: Download sources and javadoc] INFO  o.e.m.j.internal.DownloadSourcesJob - Downloaded sources for io.opentelemetry:opentelemetry-sdk-metrics:1.37.0
2025-07-09 09:59:47,707 [Worker-26: Download sources and javadoc] INFO  o.e.m.c.i.e.AbstractTransferListenerAdapter - Downloading https://repo.maven.apache.org/maven2/io/opentelemetry/opentelemetry-sdk-logs/1.37.0/opentelemetry-sdk-logs-1.37.0-sources.jar
2025-07-09 09:59:47,750 [Worker-26: Download sources and javadoc] INFO  o.e.m.c.i.e.AbstractTransferListenerAdapter - Downloaded https://repo.maven.apache.org/maven2/io/opentelemetry/opentelemetry-sdk-logs/1.37.0/opentelemetry-sdk-logs-1.37.0-sources.jar
2025-07-09 09:59:47,754 [Worker-26: Download sources and javadoc] INFO  o.e.m.j.internal.DownloadSourcesJob - Downloaded sources for io.opentelemetry:opentelemetry-sdk-logs:1.37.0
2025-07-09 09:59:47,826 [Worker-26: Download sources and javadoc] INFO  o.e.m.c.i.e.AbstractTransferListenerAdapter - Downloading https://repo.maven.apache.org/maven2/net/bytebuddy/byte-buddy/1.14.14/byte-buddy-1.14.14-sources.jar
2025-07-09 09:59:48,291 [Worker-26: Download sources and javadoc] INFO  o.e.m.c.i.e.AbstractTransferListenerAdapter - Downloaded https://repo.maven.apache.org/maven2/net/bytebuddy/byte-buddy/1.14.14/byte-buddy-1.14.14-sources.jar
2025-07-09 09:59:48,296 [Worker-26: Download sources and javadoc] INFO  o.e.m.j.internal.DownloadSourcesJob - Downloaded sources for net.bytebuddy:byte-buddy:1.14.14
2025-07-09 09:59:48,367 [Worker-26: Download sources and javadoc] INFO  o.e.m.c.i.e.AbstractTransferListenerAdapter - Downloading https://repo.maven.apache.org/maven2/org/seleniumhq/selenium/selenium-os/4.20.0/selenium-os-4.20.0-sources.jar
2025-07-09 09:59:48,401 [Worker-26: Download sources and javadoc] INFO  o.e.m.c.i.e.AbstractTransferListenerAdapter - Downloaded https://repo.maven.apache.org/maven2/org/seleniumhq/selenium/selenium-os/4.20.0/selenium-os-4.20.0-sources.jar
2025-07-09 09:59:48,405 [Worker-26: Download sources and javadoc] INFO  o.e.m.j.internal.DownloadSourcesJob - Downloaded sources for org.seleniumhq.selenium:selenium-os:4.20.0
2025-07-09 09:59:48,464 [Worker-26: Download sources and javadoc] INFO  o.e.m.c.i.e.AbstractTransferListenerAdapter - Downloading https://repo.maven.apache.org/maven2/org/seleniumhq/selenium/selenium-safari-driver/4.20.0/selenium-safari-driver-4.20.0-sources.jar
2025-07-09 09:59:48,694 [Worker-26: Download sources and javadoc] INFO  o.e.m.c.i.e.AbstractTransferListenerAdapter - Downloaded https://repo.maven.apache.org/maven2/org/seleniumhq/selenium/selenium-safari-driver/4.20.0/selenium-safari-driver-4.20.0-sources.jar
2025-07-09 09:59:48,698 [Worker-26: Download sources and javadoc] INFO  o.e.m.j.internal.DownloadSourcesJob - Downloaded sources for org.seleniumhq.selenium:selenium-safari-driver:4.20.0
2025-07-09 09:59:48,765 [Worker-26: Download sources and javadoc] INFO  o.e.m.c.i.e.AbstractTransferListenerAdapter - Downloading https://repo.maven.apache.org/maven2/org/seleniumhq/selenium/selenium-support/4.20.0/selenium-support-4.20.0-sources.jar
2025-07-09 09:59:48,802 [Worker-26: Download sources and javadoc] INFO  o.e.m.c.i.e.AbstractTransferListenerAdapter - Downloaded https://repo.maven.apache.org/maven2/org/seleniumhq/selenium/selenium-support/4.20.0/selenium-support-4.20.0-sources.jar
2025-07-09 09:59:48,806 [Worker-26: Download sources and javadoc] INFO  o.e.m.j.internal.DownloadSourcesJob - Downloaded sources for org.seleniumhq.selenium:selenium-support:4.20.0
2025-07-09 09:59:49,984 [Worker-26: Building] INFO  o.a.m.s.f.DefaultMavenResourcesFiltering - skip non existing resourceDirectory D:\AViIT\Demos\Selenium_11\MyMavenProject\src\main\resources
2025-07-09 09:59:49,986 [Worker-26: Building] INFO  o.a.m.s.f.DefaultMavenResourcesFiltering - skip non existing resourceDirectory D:\AViIT\Demos\Selenium_11\MyMavenProject\src\test\resources
2025-07-09 10:00:11,673 [Worker-25: Building] INFO  o.e.m.c.i.l.LifecycleMappingFactory - Using org.eclipse.m2e.jdt.JarLifecycleMapping lifecycle mapping for MavenProject: MyMavenProject:MyMavenProject:0.0.1-SNAPSHOT @ D:\AViIT\Demos\Selenium_11\MyMavenProject\pom.xml.
2025-07-09 10:00:12,194 [AetherRepositoryConnector-repo.maven.apache.org-1-0] INFO  o.e.m.c.i.e.AbstractTransferListenerAdapter - Downloading https://repo.maven.apache.org/maven2/io/opentelemetry/opentelemetry-sdk-extension-autoconfigure-spi/1.9.0/opentelemetry-sdk-extension-autoconfigure-spi-1.9.0.jar
2025-07-09 10:00:12,206 [AetherRepositoryConnector-repo.maven.apache.org-1-3] INFO  o.e.m.c.i.e.AbstractTransferListenerAdapter - Downloading https://repo.maven.apache.org/maven2/io/opentelemetry/opentelemetry-api-metrics/1.9.0-alpha/opentelemetry-api-metrics-1.9.0-alpha.jar
2025-07-09 10:00:12,262 [AetherRepositoryConnector-repo.maven.apache.org-1-2] INFO  o.e.m.c.i.e.AbstractTransferListenerAdapter - Downloading https://repo.maven.apache.org/maven2/io/opentelemetry/opentelemetry-sdk-trace/1.9.0/opentelemetry-sdk-trace-1.9.0.jar
2025-07-09 10:00:12,262 [AetherRepositoryConnector-repo.maven.apache.org-1-4] INFO  o.e.m.c.i.e.AbstractTransferListenerAdapter - Downloading https://repo.maven.apache.org/maven2/io/opentelemetry/opentelemetry-sdk/1.9.0/opentelemetry-sdk-1.9.0.jar
2025-07-09 10:00:12,263 [AetherRepositoryConnector-repo.maven.apache.org-1-1] INFO  o.e.m.c.i.e.AbstractTransferListenerAdapter - Downloading https://repo.maven.apache.org/maven2/io/opentelemetry/opentelemetry-sdk-extension-autoconfigure/1.9.0-alpha/opentelemetry-sdk-extension-autoconfigure-1.9.0-alpha.jar
2025-07-09 10:00:12,357 [AetherRepositoryConnector-repo.maven.apache.org-1-0] INFO  o.e.m.c.i.e.AbstractTransferListenerAdapter - Downloaded https://repo.maven.apache.org/maven2/io/opentelemetry/opentelemetry-sdk-extension-autoconfigure-spi/1.9.0/opentelemetry-sdk-extension-autoconfigure-spi-1.9.0.jar
2025-07-09 10:00:12,365 [AetherRepositoryConnector-repo.maven.apache.org-1-3] INFO  o.e.m.c.i.e.AbstractTransferListenerAdapter - Downloaded https://repo.maven.apache.org/maven2/io/opentelemetry/opentelemetry-api-metrics/1.9.0-alpha/opentelemetry-api-metrics-1.9.0-alpha.jar
2025-07-09 10:00:12,373 [AetherRepositoryConnector-repo.maven.apache.org-1-4] INFO  o.e.m.c.i.e.AbstractTransferListenerAdapter - Downloaded https://repo.maven.apache.org/maven2/io/opentelemetry/opentelemetry-sdk/1.9.0/opentelemetry-sdk-1.9.0.jar
2025-07-09 10:00:12,411 [AetherRepositoryConnector-repo.maven.apache.org-1-1] INFO  o.e.m.c.i.e.AbstractTransferListenerAdapter - Downloaded https://repo.maven.apache.org/maven2/io/opentelemetry/opentelemetry-sdk-extension-autoconfigure/1.9.0-alpha/opentelemetry-sdk-extension-autoconfigure-1.9.0-alpha.jar
2025-07-09 10:00:12,426 [AetherRepositoryConnector-repo.maven.apache.org-1-4] INFO  o.e.m.c.i.e.AbstractTransferListenerAdapter - Downloading https://repo.maven.apache.org/maven2/org/seleniumhq/selenium/selenium-http/4.1.0/selenium-http-4.1.0.jar
2025-07-09 10:00:12,471 [AetherRepositoryConnector-repo.maven.apache.org-1-0] INFO  o.e.m.c.i.e.AbstractTransferListenerAdapter - Downloading https://repo.maven.apache.org/maven2/io/opentelemetry/opentelemetry-semconv/1.9.0-alpha/opentelemetry-semconv-1.9.0-alpha.jar
2025-07-09 10:00:12,477 [AetherRepositoryConnector-repo.maven.apache.org-1-2] INFO  o.e.m.c.i.e.AbstractTransferListenerAdapter - Downloaded https://repo.maven.apache.org/maven2/io/opentelemetry/opentelemetry-sdk-trace/1.9.0/opentelemetry-sdk-trace-1.9.0.jar
2025-07-09 10:00:12,495 [AetherRepositoryConnector-repo.maven.apache.org-1-3] INFO  o.e.m.c.i.e.AbstractTransferListenerAdapter - Downloading https://repo.maven.apache.org/maven2/net/bytebuddy/byte-buddy/1.12.1/byte-buddy-1.12.1.jar
2025-07-09 10:00:12,674 [AetherRepositoryConnector-repo.maven.apache.org-1-1] INFO  o.e.m.c.i.e.AbstractTransferListenerAdapter - Downloading https://repo.maven.apache.org/maven2/net/jodah/failsafe/2.4.4/failsafe-2.4.4.jar
2025-07-09 10:00:12,676 [AetherRepositoryConnector-repo.maven.apache.org-1-2] INFO  o.e.m.c.i.e.AbstractTransferListenerAdapter - Downloading https://repo.maven.apache.org/maven2/org/seleniumhq/selenium/selenium-support/4.1.0/selenium-support-4.1.0.jar
2025-07-09 10:00:12,702 [AetherRepositoryConnector-repo.maven.apache.org-1-0] INFO  o.e.m.c.i.e.AbstractTransferListenerAdapter - Downloaded https://repo.maven.apache.org/maven2/io/opentelemetry/opentelemetry-semconv/1.9.0-alpha/opentelemetry-semconv-1.9.0-alpha.jar
2025-07-09 10:00:12,703 [AetherRepositoryConnector-repo.maven.apache.org-1-4] INFO  o.e.m.c.i.e.AbstractTransferListenerAdapter - Downloaded https://repo.maven.apache.org/maven2/org/seleniumhq/selenium/selenium-http/4.1.0/selenium-http-4.1.0.jar
2025-07-09 10:00:13,037 [AetherRepositoryConnector-repo.maven.apache.org-1-1] INFO  o.e.m.c.i.e.AbstractTransferListenerAdapter - Downloaded https://repo.maven.apache.org/maven2/net/jodah/failsafe/2.4.4/failsafe-2.4.4.jar
2025-07-09 10:00:13,281 [AetherRepositoryConnector-repo.maven.apache.org-1-2] INFO  o.e.m.c.i.e.AbstractTransferListenerAdapter - Downloaded https://repo.maven.apache.org/maven2/org/seleniumhq/selenium/selenium-support/4.1.0/selenium-support-4.1.0.jar
2025-07-09 10:00:14,971 [AetherRepositoryConnector-repo.maven.apache.org-1-3] INFO  o.e.m.c.i.e.AbstractTransferListenerAdapter - Downloaded https://repo.maven.apache.org/maven2/net/bytebuddy/byte-buddy/1.12.1/byte-buddy-1.12.1.jar
2025-07-09 10:00:16,015 [Worker-31: Building] INFO  o.a.m.s.f.DefaultMavenResourcesFiltering - skip non existing resourceDirectory D:\AViIT\Demos\Selenium_11\MyMavenProject\src\main\resources
2025-07-09 10:00:16,017 [Worker-31: Building] INFO  o.a.m.s.f.DefaultMavenResourcesFiltering - skip non existing resourceDirectory D:\AViIT\Demos\Selenium_11\MyMavenProject\src\test\resources
2025-07-09 10:00:16,270 [Worker-31: Download sources and javadoc] INFO  o.e.m.c.i.e.AbstractTransferListenerAdapter - Downloading https://repo.maven.apache.org/maven2/org/seleniumhq/selenium/selenium-java/4.1.0/selenium-java-4.1.0-sources.jar
2025-07-09 10:00:16,296 [Worker-31: Download sources and javadoc] INFO  o.e.m.c.i.e.AbstractTransferListenerAdapter - Downloaded https://repo.maven.apache.org/maven2/org/seleniumhq/selenium/selenium-java/4.1.0/selenium-java-4.1.0-sources.jar
2025-07-09 10:00:16,303 [Worker-31: Download sources and javadoc] INFO  o.e.m.j.internal.DownloadSourcesJob - Downloaded sources for org.seleniumhq.selenium:selenium-java:4.1.0
2025-07-09 10:00:16,445 [Worker-31: Download sources and javadoc] INFO  o.e.m.c.i.e.AbstractTransferListenerAdapter - Downloading https://repo.maven.apache.org/maven2/org/seleniumhq/selenium/selenium-api/4.1.0/selenium-api-4.1.0-sources.jar
2025-07-09 10:00:16,770 [Worker-31: Download sources and javadoc] INFO  o.e.m.c.i.e.AbstractTransferListenerAdapter - Downloaded https://repo.maven.apache.org/maven2/org/seleniumhq/selenium/selenium-api/4.1.0/selenium-api-4.1.0-sources.jar
2025-07-09 10:00:16,773 [Worker-31: Download sources and javadoc] INFO  o.e.m.j.internal.DownloadSourcesJob - Downloaded sources for org.seleniumhq.selenium:selenium-api:4.1.0
2025-07-09 10:00:16,846 [Worker-31: Download sources and javadoc] INFO  o.e.m.c.i.e.AbstractTransferListenerAdapter - Downloading https://repo.maven.apache.org/maven2/org/seleniumhq/selenium/selenium-chrome-driver/4.1.0/selenium-chrome-driver-4.1.0-sources.jar
2025-07-09 10:00:17,074 [Worker-31: Download sources and javadoc] INFO  o.e.m.c.i.e.AbstractTransferListenerAdapter - Downloaded https://repo.maven.apache.org/maven2/org/seleniumhq/selenium/selenium-chrome-driver/4.1.0/selenium-chrome-driver-4.1.0-sources.jar
2025-07-09 10:00:17,078 [Worker-31: Download sources and javadoc] INFO  o.e.m.j.internal.DownloadSourcesJob - Downloaded sources for org.seleniumhq.selenium:selenium-chrome-driver:4.1.0
2025-07-09 10:00:17,148 [Worker-31: Download sources and javadoc] INFO  o.e.m.c.i.e.AbstractTransferListenerAdapter - Downloading https://repo.maven.apache.org/maven2/com/google/auto/service/auto-service-annotations/1.0.1/auto-service-annotations-1.0.1-sources.jar
2025-07-09 10:00:17,183 [Worker-31: Download sources and javadoc] INFO  o.e.m.c.i.e.AbstractTransferListenerAdapter - Downloaded https://repo.maven.apache.org/maven2/com/google/auto/service/auto-service-annotations/1.0.1/auto-service-annotations-1.0.1-sources.jar
2025-07-09 10:00:17,186 [Worker-31: Download sources and javadoc] INFO  o.e.m.j.internal.DownloadSourcesJob - Downloaded sources for com.google.auto.service:auto-service-annotations:1.0.1
2025-07-09 10:00:17,437 [Worker-31: Download sources and javadoc] INFO  o.e.m.c.i.e.AbstractTransferListenerAdapter - Downloading https://repo.maven.apache.org/maven2/com/google/auto/service/auto-service/1.0.1/auto-service-1.0.1-sources.jar
2025-07-09 10:00:17,459 [Worker-31: Download sources and javadoc] INFO  o.e.m.c.i.e.AbstractTransferListenerAdapter - Downloaded https://repo.maven.apache.org/maven2/com/google/auto/service/auto-service/1.0.1/auto-service-1.0.1-sources.jar
2025-07-09 10:00:17,463 [Worker-31: Download sources and javadoc] INFO  o.e.m.j.internal.DownloadSourcesJob - Downloaded sources for com.google.auto.service:auto-service:1.0.1
2025-07-09 10:00:17,646 [Worker-31: Download sources and javadoc] INFO  o.e.m.c.i.e.AbstractTransferListenerAdapter - Downloading https://repo.maven.apache.org/maven2/com/google/auto/auto-common/1.2/auto-common-1.2-sources.jar
2025-07-09 10:00:17,684 [Worker-31: Download sources and javadoc] INFO  o.e.m.c.i.e.AbstractTransferListenerAdapter - Downloaded https://repo.maven.apache.org/maven2/com/google/auto/auto-common/1.2/auto-common-1.2-sources.jar
2025-07-09 10:00:17,687 [Worker-31: Download sources and javadoc] INFO  o.e.m.j.internal.DownloadSourcesJob - Downloaded sources for com.google.auto:auto-common:1.2
2025-07-09 10:00:17,742 [Worker-31: Download sources and javadoc] INFO  o.e.m.c.i.e.AbstractTransferListenerAdapter - Downloading https://repo.maven.apache.org/maven2/org/seleniumhq/selenium/selenium-chromium-driver/4.1.0/selenium-chromium-driver-4.1.0-sources.jar
2025-07-09 10:00:18,019 [Worker-31: Download sources and javadoc] INFO  o.e.m.c.i.e.AbstractTransferListenerAdapter - Downloaded https://repo.maven.apache.org/maven2/org/seleniumhq/selenium/selenium-chromium-driver/4.1.0/selenium-chromium-driver-4.1.0-sources.jar
2025-07-09 10:00:18,024 [Worker-31: Download sources and javadoc] INFO  o.e.m.j.internal.DownloadSourcesJob - Downloaded sources for org.seleniumhq.selenium:selenium-chromium-driver:4.1.0
2025-07-09 10:00:18,087 [Worker-31: Download sources and javadoc] INFO  o.e.m.c.i.e.AbstractTransferListenerAdapter - Downloading https://repo.maven.apache.org/maven2/org/seleniumhq/selenium/selenium-json/4.1.0/selenium-json-4.1.0-sources.jar
2025-07-09 10:00:18,351 [Worker-31: Download sources and javadoc] INFO  o.e.m.c.i.e.AbstractTransferListenerAdapter - Downloaded https://repo.maven.apache.org/maven2/org/seleniumhq/selenium/selenium-json/4.1.0/selenium-json-4.1.0-sources.jar
2025-07-09 10:00:18,354 [Worker-31: Download sources and javadoc] INFO  o.e.m.j.internal.DownloadSourcesJob - Downloaded sources for org.seleniumhq.selenium:selenium-json:4.1.0
2025-07-09 10:00:18,446 [Worker-31: Download sources and javadoc] INFO  o.e.m.c.i.e.AbstractTransferListenerAdapter - Downloading https://repo.maven.apache.org/maven2/org/seleniumhq/selenium/selenium-devtools-v85/4.1.0/selenium-devtools-v85-4.1.0-sources.jar
2025-07-09 10:00:18,814 [Worker-31: Download sources and javadoc] INFO  o.e.m.c.i.e.AbstractTransferListenerAdapter - Downloaded https://repo.maven.apache.org/maven2/org/seleniumhq/selenium/selenium-devtools-v85/4.1.0/selenium-devtools-v85-4.1.0-sources.jar
2025-07-09 10:00:18,818 [Worker-31: Download sources and javadoc] INFO  o.e.m.j.internal.DownloadSourcesJob - Downloaded sources for org.seleniumhq.selenium:selenium-devtools-v85:4.1.0
2025-07-09 10:00:18,896 [Worker-31: Download sources and javadoc] INFO  o.e.m.c.i.e.AbstractTransferListenerAdapter - Downloading https://repo.maven.apache.org/maven2/org/seleniumhq/selenium/selenium-devtools-v94/4.1.0/selenium-devtools-v94-4.1.0-sources.jar
2025-07-09 10:00:19,133 [Worker-31: Download sources and javadoc] INFO  o.e.m.c.i.e.AbstractTransferListenerAdapter - Downloaded https://repo.maven.apache.org/maven2/org/seleniumhq/selenium/selenium-devtools-v94/4.1.0/selenium-devtools-v94-4.1.0-sources.jar
2025-07-09 10:00:19,136 [Worker-31: Download sources and javadoc] INFO  o.e.m.j.internal.DownloadSourcesJob - Downloaded sources for org.seleniumhq.selenium:selenium-devtools-v94:4.1.0
2025-07-09 10:00:19,202 [Worker-31: Download sources and javadoc] INFO  o.e.m.c.i.e.AbstractTransferListenerAdapter - Downloading https://repo.maven.apache.org/maven2/org/seleniumhq/selenium/selenium-devtools-v95/4.1.0/selenium-devtools-v95-4.1.0-sources.jar
2025-07-09 10:00:19,604 [Worker-31: Download sources and javadoc] INFO  o.e.m.c.i.e.AbstractTransferListenerAdapter - Downloaded https://repo.maven.apache.org/maven2/org/seleniumhq/selenium/selenium-devtools-v95/4.1.0/selenium-devtools-v95-4.1.0-sources.jar
2025-07-09 10:00:19,607 [Worker-31: Download sources and javadoc] INFO  o.e.m.j.internal.DownloadSourcesJob - Downloaded sources for org.seleniumhq.selenium:selenium-devtools-v95:4.1.0
2025-07-09 10:00:19,655 [Worker-31: Download sources and javadoc] INFO  o.e.m.c.i.e.AbstractTransferListenerAdapter - Downloading https://repo.maven.apache.org/maven2/org/seleniumhq/selenium/selenium-devtools-v96/4.1.0/selenium-devtools-v96-4.1.0-sources.jar
2025-07-09 10:00:19,853 [Worker-31: Download sources and javadoc] INFO  o.e.m.c.i.e.AbstractTransferListenerAdapter - Downloaded https://repo.maven.apache.org/maven2/org/seleniumhq/selenium/selenium-devtools-v96/4.1.0/selenium-devtools-v96-4.1.0-sources.jar
2025-07-09 10:00:19,857 [Worker-31: Download sources and javadoc] INFO  o.e.m.j.internal.DownloadSourcesJob - Downloaded sources for org.seleniumhq.selenium:selenium-devtools-v96:4.1.0
2025-07-09 10:00:19,916 [Worker-31: Download sources and javadoc] INFO  o.e.m.c.i.e.AbstractTransferListenerAdapter - Downloading https://repo.maven.apache.org/maven2/org/seleniumhq/selenium/selenium-edge-driver/4.1.0/selenium-edge-driver-4.1.0-sources.jar
2025-07-09 10:00:20,203 [Worker-31: Download sources and javadoc] INFO  o.e.m.c.i.e.AbstractTransferListenerAdapter - Downloaded https://repo.maven.apache.org/maven2/org/seleniumhq/selenium/selenium-edge-driver/4.1.0/selenium-edge-driver-4.1.0-sources.jar
2025-07-09 10:00:20,208 [Worker-31: Download sources and javadoc] INFO  o.e.m.j.internal.DownloadSourcesJob - Downloaded sources for org.seleniumhq.selenium:selenium-edge-driver:4.1.0
2025-07-09 10:00:20,271 [Worker-31: Download sources and javadoc] INFO  o.e.m.c.i.e.AbstractTransferListenerAdapter - Downloading https://repo.maven.apache.org/maven2/org/seleniumhq/selenium/selenium-firefox-driver/4.1.0/selenium-firefox-driver-4.1.0-sources.jar
2025-07-09 10:00:20,525 [Worker-31: Download sources and javadoc] INFO  o.e.m.c.i.e.AbstractTransferListenerAdapter - Downloaded https://repo.maven.apache.org/maven2/org/seleniumhq/selenium/selenium-firefox-driver/4.1.0/selenium-firefox-driver-4.1.0-sources.jar
2025-07-09 10:00:20,528 [Worker-31: Download sources and javadoc] INFO  o.e.m.j.internal.DownloadSourcesJob - Downloaded sources for org.seleniumhq.selenium:selenium-firefox-driver:4.1.0
2025-07-09 10:00:20,591 [Worker-31: Download sources and javadoc] INFO  o.e.m.c.i.e.AbstractTransferListenerAdapter - Downloading https://repo.maven.apache.org/maven2/org/seleniumhq/selenium/selenium-firefox-xpi-driver/4.1.0/selenium-firefox-xpi-driver-4.1.0-sources.jar
2025-07-09 10:00:20,620 [Worker-31: Download sources and javadoc] INFO  o.e.m.c.i.e.AbstractTransferListenerAdapter - Downloaded https://repo.maven.apache.org/maven2/org/seleniumhq/selenium/selenium-firefox-xpi-driver/4.1.0/selenium-firefox-xpi-driver-4.1.0-sources.jar
2025-07-09 10:00:20,624 [Worker-31: Download sources and javadoc] INFO  o.e.m.j.internal.DownloadSourcesJob - Downloaded sources for org.seleniumhq.selenium:selenium-firefox-xpi-driver:4.1.0
2025-07-09 10:00:20,687 [Worker-31: Download sources and javadoc] INFO  o.e.m.c.i.e.AbstractTransferListenerAdapter - Downloading https://repo.maven.apache.org/maven2/org/seleniumhq/selenium/selenium-ie-driver/4.1.0/selenium-ie-driver-4.1.0-sources.jar
2025-07-09 10:00:20,937 [Worker-31: Download sources and javadoc] INFO  o.e.m.c.i.e.AbstractTransferListenerAdapter - Downloaded https://repo.maven.apache.org/maven2/org/seleniumhq/selenium/selenium-ie-driver/4.1.0/selenium-ie-driver-4.1.0-sources.jar
2025-07-09 10:00:20,941 [Worker-31: Download sources and javadoc] INFO  o.e.m.j.internal.DownloadSourcesJob - Downloaded sources for org.seleniumhq.selenium:selenium-ie-driver:4.1.0
2025-07-09 10:00:21,070 [Worker-31: Download sources and javadoc] INFO  o.e.m.c.i.e.AbstractTransferListenerAdapter - Downloading https://repo.maven.apache.org/maven2/org/seleniumhq/selenium/selenium-opera-driver/4.1.0/selenium-opera-driver-4.1.0-sources.jar
2025-07-09 10:00:21,098 [Worker-31: Download sources and javadoc] INFO  o.e.m.c.i.e.AbstractTransferListenerAdapter - Downloaded https://repo.maven.apache.org/maven2/org/seleniumhq/selenium/selenium-opera-driver/4.1.0/selenium-opera-driver-4.1.0-sources.jar
2025-07-09 10:00:21,101 [Worker-31: Download sources and javadoc] INFO  o.e.m.j.internal.DownloadSourcesJob - Downloaded sources for org.seleniumhq.selenium:selenium-opera-driver:4.1.0
2025-07-09 10:00:21,168 [Worker-31: Download sources and javadoc] INFO  o.e.m.c.i.e.AbstractTransferListenerAdapter - Downloading https://repo.maven.apache.org/maven2/org/seleniumhq/selenium/selenium-remote-driver/4.1.0/selenium-remote-driver-4.1.0-sources.jar
2025-07-09 10:00:21,499 [Worker-31: Download sources and javadoc] INFO  o.e.m.c.i.e.AbstractTransferListenerAdapter - Downloaded https://repo.maven.apache.org/maven2/org/seleniumhq/selenium/selenium-remote-driver/4.1.0/selenium-remote-driver-4.1.0-sources.jar
2025-07-09 10:00:21,503 [Worker-31: Download sources and javadoc] INFO  o.e.m.j.internal.DownloadSourcesJob - Downloaded sources for org.seleniumhq.selenium:selenium-remote-driver:4.1.0
2025-07-09 10:00:21,567 [Worker-31: Download sources and javadoc] INFO  o.e.m.c.i.e.AbstractTransferListenerAdapter - Downloading https://repo.maven.apache.org/maven2/com/beust/jcommander/1.81/jcommander-1.81-sources.jar
2025-07-09 10:00:21,626 [Worker-31: Download sources and javadoc] INFO  o.e.m.c.i.e.AbstractTransferListenerAdapter - Downloaded https://repo.maven.apache.org/maven2/com/beust/jcommander/1.81/jcommander-1.81-sources.jar
2025-07-09 10:00:21,630 [Worker-31: Download sources and javadoc] INFO  o.e.m.j.internal.DownloadSourcesJob - Downloaded sources for com.beust:jcommander:1.81
2025-07-09 10:00:21,703 [Worker-31: Download sources and javadoc] INFO  o.e.m.c.i.e.AbstractTransferListenerAdapter - Downloading https://repo.maven.apache.org/maven2/io/netty/netty-buffer/4.1.69.Final/netty-buffer-4.1.69.Final-sources.jar
2025-07-09 10:00:21,768 [Worker-31: Download sources and javadoc] INFO  o.e.m.c.i.e.AbstractTransferListenerAdapter - Downloaded https://repo.maven.apache.org/maven2/io/netty/netty-buffer/4.1.69.Final/netty-buffer-4.1.69.Final-sources.jar
2025-07-09 10:00:21,773 [Worker-31: Download sources and javadoc] INFO  o.e.m.j.internal.DownloadSourcesJob - Downloaded sources for io.netty:netty-buffer:4.1.69.Final
2025-07-09 10:00:22,045 [Worker-31: Download sources and javadoc] INFO  o.e.m.c.i.e.AbstractTransferListenerAdapter - Downloading https://repo.maven.apache.org/maven2/io/netty/netty-codec-http/4.1.69.Final/netty-codec-http-4.1.69.Final-sources.jar
2025-07-09 10:00:22,408 [Worker-31: Download sources and javadoc] INFO  o.e.m.c.i.e.AbstractTransferListenerAdapter - Downloaded https://repo.maven.apache.org/maven2/io/netty/netty-codec-http/4.1.69.Final/netty-codec-http-4.1.69.Final-sources.jar
2025-07-09 10:00:22,412 [Worker-31: Download sources and javadoc] INFO  o.e.m.j.internal.DownloadSourcesJob - Downloaded sources for io.netty:netty-codec-http:4.1.69.Final
2025-07-09 10:00:22,498 [Worker-31: Download sources and javadoc] INFO  o.e.m.c.i.e.AbstractTransferListenerAdapter - Downloading https://repo.maven.apache.org/maven2/io/netty/netty-codec/4.1.69.Final/netty-codec-4.1.69.Final-sources.jar
2025-07-09 10:00:22,573 [Worker-31: Download sources and javadoc] INFO  o.e.m.c.i.e.AbstractTransferListenerAdapter - Downloaded https://repo.maven.apache.org/maven2/io/netty/netty-codec/4.1.69.Final/netty-codec-4.1.69.Final-sources.jar
2025-07-09 10:00:22,577 [Worker-31: Download sources and javadoc] INFO  o.e.m.j.internal.DownloadSourcesJob - Downloaded sources for io.netty:netty-codec:4.1.69.Final
2025-07-09 10:00:22,650 [Worker-31: Download sources and javadoc] INFO  o.e.m.c.i.e.AbstractTransferListenerAdapter - Downloading https://repo.maven.apache.org/maven2/io/netty/netty-handler/4.1.69.Final/netty-handler-4.1.69.Final-sources.jar
2025-07-09 10:00:22,761 [Worker-31: Download sources and javadoc] INFO  o.e.m.c.i.e.AbstractTransferListenerAdapter - Downloaded https://repo.maven.apache.org/maven2/io/netty/netty-handler/4.1.69.Final/netty-handler-4.1.69.Final-sources.jar
2025-07-09 10:00:22,765 [Worker-31: Download sources and javadoc] INFO  o.e.m.j.internal.DownloadSourcesJob - Downloaded sources for io.netty:netty-handler:4.1.69.Final
2025-07-09 10:00:22,830 [Worker-31: Download sources and javadoc] INFO  o.e.m.c.i.e.AbstractTransferListenerAdapter - Downloading https://repo.maven.apache.org/maven2/io/netty/netty-common/4.1.69.Final/netty-common-4.1.69.Final-sources.jar
2025-07-09 10:00:23,234 [Worker-31: Download sources and javadoc] INFO  o.e.m.c.i.e.AbstractTransferListenerAdapter - Downloaded https://repo.maven.apache.org/maven2/io/netty/netty-common/4.1.69.Final/netty-common-4.1.69.Final-sources.jar
2025-07-09 10:00:23,238 [Worker-31: Download sources and javadoc] INFO  o.e.m.j.internal.DownloadSourcesJob - Downloaded sources for io.netty:netty-common:4.1.69.Final
2025-07-09 10:00:23,299 [Worker-31: Download sources and javadoc] INFO  o.e.m.c.i.e.AbstractTransferListenerAdapter - Downloading https://repo.maven.apache.org/maven2/io/netty/netty-transport-native-epoll/4.1.69.Final/netty-transport-native-epoll-4.1.69.Final-sources.jar
2025-07-09 10:00:23,365 [Worker-31: Download sources and javadoc] INFO  o.e.m.c.i.e.AbstractTransferListenerAdapter - Downloaded https://repo.maven.apache.org/maven2/io/netty/netty-transport-native-epoll/4.1.69.Final/netty-transport-native-epoll-4.1.69.Final-sources.jar
2025-07-09 10:00:23,369 [Worker-31: Download sources and javadoc] INFO  o.e.m.j.internal.DownloadSourcesJob - Downloaded sources for io.netty:netty-transport-native-epoll:4.1.69.Final
2025-07-09 10:00:23,650 [Worker-31: Download sources and javadoc] INFO  o.e.m.c.i.e.AbstractTransferListenerAdapter - Downloading https://repo.maven.apache.org/maven2/io/netty/netty-transport-native-kqueue/4.1.69.Final/netty-transport-native-kqueue-4.1.69.Final-sources.jar
2025-07-09 10:00:23,912 [Worker-31: Download sources and javadoc] INFO  o.e.m.c.i.e.AbstractTransferListenerAdapter - Downloaded https://repo.maven.apache.org/maven2/io/netty/netty-transport-native-kqueue/4.1.69.Final/netty-transport-native-kqueue-4.1.69.Final-sources.jar
2025-07-09 10:00:23,916 [Worker-31: Download sources and javadoc] INFO  o.e.m.j.internal.DownloadSourcesJob - Downloaded sources for io.netty:netty-transport-native-kqueue:4.1.69.Final
2025-07-09 10:00:23,979 [Worker-31: Download sources and javadoc] INFO  o.e.m.c.i.e.AbstractTransferListenerAdapter - Downloading https://repo.maven.apache.org/maven2/io/netty/netty-transport-native-unix-common/4.1.69.Final/netty-transport-native-unix-common-4.1.69.Final-sources.jar
2025-07-09 10:00:24,021 [Worker-31: Download sources and javadoc] INFO  o.e.m.c.i.e.AbstractTransferListenerAdapter - Downloaded https://repo.maven.apache.org/maven2/io/netty/netty-transport-native-unix-common/4.1.69.Final/netty-transport-native-unix-common-4.1.69.Final-sources.jar
2025-07-09 10:00:24,025 [Worker-31: Download sources and javadoc] INFO  o.e.m.j.internal.DownloadSourcesJob - Downloaded sources for io.netty:netty-transport-native-unix-common:4.1.69.Final
2025-07-09 10:00:24,292 [Worker-31: Download sources and javadoc] INFO  o.e.m.c.i.e.AbstractTransferListenerAdapter - Downloading https://repo.maven.apache.org/maven2/io/netty/netty-transport/4.1.69.Final/netty-transport-4.1.69.Final-sources.jar
2025-07-09 10:00:24,610 [Worker-31: Download sources and javadoc] INFO  o.e.m.c.i.e.AbstractTransferListenerAdapter - Downloaded https://repo.maven.apache.org/maven2/io/netty/netty-transport/4.1.69.Final/netty-transport-4.1.69.Final-sources.jar
2025-07-09 10:00:24,615 [Worker-31: Download sources and javadoc] INFO  o.e.m.j.internal.DownloadSourcesJob - Downloaded sources for io.netty:netty-transport:4.1.69.Final
2025-07-09 10:00:24,671 [Worker-31: Download sources and javadoc] INFO  o.e.m.c.i.e.AbstractTransferListenerAdapter - Downloading https://repo.maven.apache.org/maven2/io/netty/netty-resolver/4.1.69.Final/netty-resolver-4.1.69.Final-sources.jar
2025-07-09 10:00:24,705 [Worker-31: Download sources and javadoc] INFO  o.e.m.c.i.e.AbstractTransferListenerAdapter - Downloaded https://repo.maven.apache.org/maven2/io/netty/netty-resolver/4.1.69.Final/netty-resolver-4.1.69.Final-sources.jar
2025-07-09 10:00:24,709 [Worker-31: Download sources and javadoc] INFO  o.e.m.j.internal.DownloadSourcesJob - Downloaded sources for io.netty:netty-resolver:4.1.69.Final
2025-07-09 10:00:24,973 [Worker-31: Download sources and javadoc] INFO  o.e.m.c.i.e.AbstractTransferListenerAdapter - Downloading https://repo.maven.apache.org/maven2/io/opentelemetry/opentelemetry-api/1.9.0/opentelemetry-api-1.9.0-sources.jar
2025-07-09 10:00:25,205 [Worker-31: Download sources and javadoc] INFO  o.e.m.c.i.e.AbstractTransferListenerAdapter - Downloaded https://repo.maven.apache.org/maven2/io/opentelemetry/opentelemetry-api/1.9.0/opentelemetry-api-1.9.0-sources.jar
2025-07-09 10:00:25,209 [Worker-31: Download sources and javadoc] INFO  o.e.m.j.internal.DownloadSourcesJob - Downloaded sources for io.opentelemetry:opentelemetry-api:1.9.0
2025-07-09 10:00:25,263 [Worker-31: Download sources and javadoc] INFO  o.e.m.c.i.e.AbstractTransferListenerAdapter - Downloading https://repo.maven.apache.org/maven2/io/opentelemetry/opentelemetry-context/1.9.0/opentelemetry-context-1.9.0-sources.jar
2025-07-09 10:00:25,484 [Worker-31: Download sources and javadoc] INFO  o.e.m.c.i.e.AbstractTransferListenerAdapter - Downloaded https://repo.maven.apache.org/maven2/io/opentelemetry/opentelemetry-context/1.9.0/opentelemetry-context-1.9.0-sources.jar
2025-07-09 10:00:25,489 [Worker-31: Download sources and javadoc] INFO  o.e.m.j.internal.DownloadSourcesJob - Downloaded sources for io.opentelemetry:opentelemetry-context:1.9.0
2025-07-09 10:00:25,543 [Worker-31: Download sources and javadoc] INFO  o.e.m.c.i.e.AbstractTransferListenerAdapter - Downloading https://repo.maven.apache.org/maven2/io/opentelemetry/opentelemetry-exporter-logging/1.9.0/opentelemetry-exporter-logging-1.9.0-sources.jar
2025-07-09 10:00:25,767 [Worker-31: Download sources and javadoc] INFO  o.e.m.c.i.e.AbstractTransferListenerAdapter - Downloaded https://repo.maven.apache.org/maven2/io/opentelemetry/opentelemetry-exporter-logging/1.9.0/opentelemetry-exporter-logging-1.9.0-sources.jar
2025-07-09 10:00:25,771 [Worker-31: Download sources and javadoc] INFO  o.e.m.j.internal.DownloadSourcesJob - Downloaded sources for io.opentelemetry:opentelemetry-exporter-logging:1.9.0
2025-07-09 10:00:25,833 [Worker-31: Download sources and javadoc] INFO  o.e.m.c.i.e.AbstractTransferListenerAdapter - Downloading https://repo.maven.apache.org/maven2/io/opentelemetry/opentelemetry-sdk-metrics/1.9.0-alpha/opentelemetry-sdk-metrics-1.9.0-alpha-sources.jar
2025-07-09 10:00:26,073 [Worker-31: Download sources and javadoc] INFO  o.e.m.c.i.e.AbstractTransferListenerAdapter - Downloaded https://repo.maven.apache.org/maven2/io/opentelemetry/opentelemetry-sdk-metrics/1.9.0-alpha/opentelemetry-sdk-metrics-1.9.0-alpha-sources.jar
2025-07-09 10:00:26,076 [Worker-31: Download sources and javadoc] INFO  o.e.m.j.internal.DownloadSourcesJob - Downloaded sources for io.opentelemetry:opentelemetry-sdk-metrics:1.9.0-alpha
2025-07-09 10:00:26,126 [Worker-31: Download sources and javadoc] INFO  o.e.m.c.i.e.AbstractTransferListenerAdapter - Downloading https://repo.maven.apache.org/maven2/io/opentelemetry/opentelemetry-sdk-logs/1.9.0-alpha/opentelemetry-sdk-logs-1.9.0-alpha-sources.jar
2025-07-09 10:00:26,148 [Worker-31: Download sources and javadoc] INFO  o.e.m.c.i.e.AbstractTransferListenerAdapter - Downloaded https://repo.maven.apache.org/maven2/io/opentelemetry/opentelemetry-sdk-logs/1.9.0-alpha/opentelemetry-sdk-logs-1.9.0-alpha-sources.jar
2025-07-09 10:00:26,156 [Worker-31: Download sources and javadoc] INFO  o.e.m.j.internal.DownloadSourcesJob - Downloaded sources for io.opentelemetry:opentelemetry-sdk-logs:1.9.0-alpha
2025-07-09 10:00:26,205 [Worker-31: Download sources and javadoc] INFO  o.e.m.c.i.e.AbstractTransferListenerAdapter - Downloading https://repo.maven.apache.org/maven2/com/fasterxml/jackson/core/jackson-databind/2.13.0/jackson-databind-2.13.0-sources.jar
2025-07-09 10:00:26,602 [Worker-31: Download sources and javadoc] INFO  o.e.m.c.i.e.AbstractTransferListenerAdapter - Downloaded https://repo.maven.apache.org/maven2/com/fasterxml/jackson/core/jackson-databind/2.13.0/jackson-databind-2.13.0-sources.jar
2025-07-09 10:00:26,607 [Worker-31: Download sources and javadoc] INFO  o.e.m.j.internal.DownloadSourcesJob - Downloaded sources for com.fasterxml.jackson.core:jackson-databind:2.13.0
2025-07-09 10:00:26,670 [Worker-31: Download sources and javadoc] INFO  o.e.m.c.i.e.AbstractTransferListenerAdapter - Downloading https://repo.maven.apache.org/maven2/com/fasterxml/jackson/core/jackson-annotations/2.13.0/jackson-annotations-2.13.0-sources.jar
2025-07-09 10:00:26,709 [Worker-31: Download sources and javadoc] INFO  o.e.m.c.i.e.AbstractTransferListenerAdapter - Downloaded https://repo.maven.apache.org/maven2/com/fasterxml/jackson/core/jackson-annotations/2.13.0/jackson-annotations-2.13.0-sources.jar
2025-07-09 10:00:26,717 [Worker-31: Download sources and javadoc] INFO  o.e.m.j.internal.DownloadSourcesJob - Downloaded sources for com.fasterxml.jackson.core:jackson-annotations:2.13.0
2025-07-09 10:00:26,768 [Worker-31: Download sources and javadoc] INFO  o.e.m.c.i.e.AbstractTransferListenerAdapter - Downloading https://repo.maven.apache.org/maven2/com/fasterxml/jackson/core/jackson-core/2.13.0/jackson-core-2.13.0-sources.jar
2025-07-09 10:00:26,905 [Worker-31: Download sources and javadoc] INFO  o.e.m.c.i.e.AbstractTransferListenerAdapter - Downloaded https://repo.maven.apache.org/maven2/com/fasterxml/jackson/core/jackson-core/2.13.0/jackson-core-2.13.0-sources.jar
2025-07-09 10:00:26,909 [Worker-31: Download sources and javadoc] INFO  o.e.m.j.internal.DownloadSourcesJob - Downloaded sources for com.fasterxml.jackson.core:jackson-core:2.13.0
2025-07-09 10:00:27,173 [Worker-31: Download sources and javadoc] INFO  o.e.m.c.i.e.AbstractTransferListenerAdapter - Downloading https://repo.maven.apache.org/maven2/io/opentelemetry/opentelemetry-sdk-common/1.9.0/opentelemetry-sdk-common-1.9.0-sources.jar
2025-07-09 10:00:27,443 [Worker-31: Download sources and javadoc] INFO  o.e.m.c.i.e.AbstractTransferListenerAdapter - Downloaded https://repo.maven.apache.org/maven2/io/opentelemetry/opentelemetry-sdk-common/1.9.0/opentelemetry-sdk-common-1.9.0-sources.jar
2025-07-09 10:00:27,447 [Worker-31: Download sources and javadoc] INFO  o.e.m.j.internal.DownloadSourcesJob - Downloaded sources for io.opentelemetry:opentelemetry-sdk-common:1.9.0
2025-07-09 10:00:27,502 [Worker-31: Download sources and javadoc] INFO  o.e.m.c.i.e.AbstractTransferListenerAdapter - Downloading https://repo.maven.apache.org/maven2/io/opentelemetry/opentelemetry-sdk-extension-autoconfigure-spi/1.9.0/opentelemetry-sdk-extension-autoconfigure-spi-1.9.0-sources.jar
2025-07-09 10:00:27,835 [Worker-31: Download sources and javadoc] INFO  o.e.m.c.i.e.AbstractTransferListenerAdapter - Downloaded https://repo.maven.apache.org/maven2/io/opentelemetry/opentelemetry-sdk-extension-autoconfigure-spi/1.9.0/opentelemetry-sdk-extension-autoconfigure-spi-1.9.0-sources.jar
2025-07-09 10:00:27,839 [Worker-31: Download sources and javadoc] INFO  o.e.m.j.internal.DownloadSourcesJob - Downloaded sources for io.opentelemetry:opentelemetry-sdk-extension-autoconfigure-spi:1.9.0
2025-07-09 10:00:27,886 [Worker-31: Download sources and javadoc] INFO  o.e.m.c.i.e.AbstractTransferListenerAdapter - Downloading https://repo.maven.apache.org/maven2/io/opentelemetry/opentelemetry-sdk-extension-autoconfigure/1.9.0-alpha/opentelemetry-sdk-extension-autoconfigure-1.9.0-alpha-sources.jar
2025-07-09 10:00:28,117 [Worker-31: Download sources and javadoc] INFO  o.e.m.c.i.e.AbstractTransferListenerAdapter - Downloaded https://repo.maven.apache.org/maven2/io/opentelemetry/opentelemetry-sdk-extension-autoconfigure/1.9.0-alpha/opentelemetry-sdk-extension-autoconfigure-1.9.0-alpha-sources.jar
2025-07-09 10:00:28,121 [Worker-31: Download sources and javadoc] INFO  o.e.m.j.internal.DownloadSourcesJob - Downloaded sources for io.opentelemetry:opentelemetry-sdk-extension-autoconfigure:1.9.0-alpha
2025-07-09 10:00:28,213 [Worker-31: Download sources and javadoc] INFO  o.e.m.c.i.e.AbstractTransferListenerAdapter - Downloading https://repo.maven.apache.org/maven2/io/opentelemetry/opentelemetry-sdk-trace/1.9.0/opentelemetry-sdk-trace-1.9.0-sources.jar
2025-07-09 10:00:28,442 [Worker-31: Download sources and javadoc] INFO  o.e.m.c.i.e.AbstractTransferListenerAdapter - Downloaded https://repo.maven.apache.org/maven2/io/opentelemetry/opentelemetry-sdk-trace/1.9.0/opentelemetry-sdk-trace-1.9.0-sources.jar
2025-07-09 10:00:28,446 [Worker-31: Download sources and javadoc] INFO  o.e.m.j.internal.DownloadSourcesJob - Downloaded sources for io.opentelemetry:opentelemetry-sdk-trace:1.9.0
2025-07-09 10:00:28,515 [Worker-31: Download sources and javadoc] INFO  o.e.m.c.i.e.AbstractTransferListenerAdapter - Downloading https://repo.maven.apache.org/maven2/io/opentelemetry/opentelemetry-api-metrics/1.9.0-alpha/opentelemetry-api-metrics-1.9.0-alpha-sources.jar
2025-07-09 10:00:28,803 [Worker-31: Download sources and javadoc] INFO  o.e.m.c.i.e.AbstractTransferListenerAdapter - Downloaded https://repo.maven.apache.org/maven2/io/opentelemetry/opentelemetry-api-metrics/1.9.0-alpha/opentelemetry-api-metrics-1.9.0-alpha-sources.jar
2025-07-09 10:00:28,820 [Worker-31: Download sources and javadoc] INFO  o.e.m.j.internal.DownloadSourcesJob - Downloaded sources for io.opentelemetry:opentelemetry-api-metrics:1.9.0-alpha
2025-07-09 10:00:28,883 [Worker-31: Download sources and javadoc] INFO  o.e.m.c.i.e.AbstractTransferListenerAdapter - Downloading https://repo.maven.apache.org/maven2/io/opentelemetry/opentelemetry-sdk/1.9.0/opentelemetry-sdk-1.9.0-sources.jar
2025-07-09 10:00:29,146 [Worker-31: Download sources and javadoc] INFO  o.e.m.c.i.e.AbstractTransferListenerAdapter - Downloaded https://repo.maven.apache.org/maven2/io/opentelemetry/opentelemetry-sdk/1.9.0/opentelemetry-sdk-1.9.0-sources.jar
2025-07-09 10:00:29,150 [Worker-31: Download sources and javadoc] INFO  o.e.m.j.internal.DownloadSourcesJob - Downloaded sources for io.opentelemetry:opentelemetry-sdk:1.9.0
2025-07-09 10:00:29,196 [Worker-31: Download sources and javadoc] INFO  o.e.m.c.i.e.AbstractTransferListenerAdapter - Downloading https://repo.maven.apache.org/maven2/io/opentelemetry/opentelemetry-semconv/1.9.0-alpha/opentelemetry-semconv-1.9.0-alpha-sources.jar
2025-07-09 10:00:29,450 [Worker-31: Download sources and javadoc] INFO  o.e.m.c.i.e.AbstractTransferListenerAdapter - Downloaded https://repo.maven.apache.org/maven2/io/opentelemetry/opentelemetry-semconv/1.9.0-alpha/opentelemetry-semconv-1.9.0-alpha-sources.jar
2025-07-09 10:00:29,454 [Worker-31: Download sources and javadoc] INFO  o.e.m.j.internal.DownloadSourcesJob - Downloaded sources for io.opentelemetry:opentelemetry-semconv:1.9.0-alpha
2025-07-09 10:00:29,504 [Worker-31: Download sources and javadoc] INFO  o.e.m.c.i.e.AbstractTransferListenerAdapter - Downloading https://repo.maven.apache.org/maven2/io/ous/jtoml/2.0.0/jtoml-2.0.0-sources.jar
2025-07-09 10:00:29,526 [Worker-31: Download sources and javadoc] INFO  o.e.m.c.i.e.AbstractTransferListenerAdapter - Downloaded https://repo.maven.apache.org/maven2/io/ous/jtoml/2.0.0/jtoml-2.0.0-sources.jar
2025-07-09 10:00:29,530 [Worker-31: Download sources and javadoc] INFO  o.e.m.j.internal.DownloadSourcesJob - Downloaded sources for io.ous:jtoml:2.0.0
2025-07-09 10:00:29,847 [Worker-31: Download sources and javadoc] INFO  o.e.m.c.i.e.AbstractTransferListenerAdapter - Downloading https://repo.maven.apache.org/maven2/net/bytebuddy/byte-buddy/1.12.1/byte-buddy-1.12.1-sources.jar
2025-07-09 10:00:30,274 [Worker-31: Download sources and javadoc] INFO  o.e.m.c.i.e.AbstractTransferListenerAdapter - Downloaded https://repo.maven.apache.org/maven2/net/bytebuddy/byte-buddy/1.12.1/byte-buddy-1.12.1-sources.jar
2025-07-09 10:00:30,278 [Worker-31: Download sources and javadoc] INFO  o.e.m.j.internal.DownloadSourcesJob - Downloaded sources for net.bytebuddy:byte-buddy:1.12.1
2025-07-09 10:00:30,341 [Worker-31: Download sources and javadoc] INFO  o.e.m.c.i.e.AbstractTransferListenerAdapter - Downloading https://repo.maven.apache.org/maven2/org/asynchttpclient/async-http-client/2.12.3/async-http-client-2.12.3-sources.jar
2025-07-09 10:00:30,437 [Worker-31: Download sources and javadoc] INFO  o.e.m.c.i.e.AbstractTransferListenerAdapter - Downloaded https://repo.maven.apache.org/maven2/org/asynchttpclient/async-http-client/2.12.3/async-http-client-2.12.3-sources.jar
2025-07-09 10:00:30,441 [Worker-31: Download sources and javadoc] INFO  o.e.m.j.internal.DownloadSourcesJob - Downloaded sources for org.asynchttpclient:async-http-client:2.12.3
2025-07-09 10:00:30,486 [Worker-31: Download sources and javadoc] INFO  o.e.m.c.i.e.AbstractTransferListenerAdapter - Downloading https://repo.maven.apache.org/maven2/org/asynchttpclient/async-http-client-netty-utils/2.12.3/async-http-client-netty-utils-2.12.3-sources.jar
2025-07-09 10:00:30,516 [Worker-31: Download sources and javadoc] INFO  o.e.m.c.i.e.AbstractTransferListenerAdapter - Downloaded https://repo.maven.apache.org/maven2/org/asynchttpclient/async-http-client-netty-utils/2.12.3/async-http-client-netty-utils-2.12.3-sources.jar
2025-07-09 10:00:30,522 [Worker-31: Download sources and javadoc] INFO  o.e.m.j.internal.DownloadSourcesJob - Downloaded sources for org.asynchttpclient:async-http-client-netty-utils:2.12.3
2025-07-09 10:00:30,568 [Worker-31: Download sources and javadoc] INFO  o.e.m.c.i.e.AbstractTransferListenerAdapter - Downloading https://repo.maven.apache.org/maven2/io/netty/netty-codec-socks/4.1.60.Final/netty-codec-socks-4.1.60.Final-sources.jar
2025-07-09 10:00:30,802 [Worker-31: Download sources and javadoc] INFO  o.e.m.c.i.e.AbstractTransferListenerAdapter - Downloaded https://repo.maven.apache.org/maven2/io/netty/netty-codec-socks/4.1.60.Final/netty-codec-socks-4.1.60.Final-sources.jar
2025-07-09 10:00:30,806 [Worker-31: Download sources and javadoc] INFO  o.e.m.j.internal.DownloadSourcesJob - Downloaded sources for io.netty:netty-codec-socks:4.1.60.Final
2025-07-09 10:00:30,850 [Worker-31: Download sources and javadoc] INFO  o.e.m.c.i.e.AbstractTransferListenerAdapter - Downloading https://repo.maven.apache.org/maven2/io/netty/netty-handler-proxy/4.1.60.Final/netty-handler-proxy-4.1.60.Final-sources.jar
2025-07-09 10:00:31,078 [Worker-31: Download sources and javadoc] INFO  o.e.m.c.i.e.AbstractTransferListenerAdapter - Downloaded https://repo.maven.apache.org/maven2/io/netty/netty-handler-proxy/4.1.60.Final/netty-handler-proxy-4.1.60.Final-sources.jar
2025-07-09 10:00:31,082 [Worker-31: Download sources and javadoc] INFO  o.e.m.j.internal.DownloadSourcesJob - Downloaded sources for io.netty:netty-handler-proxy:4.1.60.Final
2025-07-09 10:00:31,142 [Worker-31: Download sources and javadoc] INFO  o.e.m.c.i.e.AbstractTransferListenerAdapter - Downloading https://repo.maven.apache.org/maven2/io/netty/netty-transport-native-epoll/4.1.60.Final/netty-transport-native-epoll-4.1.60.Final-sources.jar
2025-07-09 10:00:31,174 [Worker-31: Download sources and javadoc] INFO  o.e.m.c.i.e.AbstractTransferListenerAdapter - Downloaded https://repo.maven.apache.org/maven2/io/netty/netty-transport-native-epoll/4.1.60.Final/netty-transport-native-epoll-4.1.60.Final-sources.jar
2025-07-09 10:00:31,180 [Worker-31: Download sources and javadoc] INFO  o.e.m.j.internal.DownloadSourcesJob - Downloaded sources for io.netty:netty-transport-native-epoll:4.1.60.Final:linux-x86_64
2025-07-09 10:00:31,244 [Worker-31: Download sources and javadoc] INFO  o.e.m.c.i.e.AbstractTransferListenerAdapter - Downloading https://repo.maven.apache.org/maven2/io/netty/netty-transport-native-kqueue/4.1.60.Final/netty-transport-native-kqueue-4.1.60.Final-sources.jar
2025-07-09 10:00:31,286 [Worker-31: Download sources and javadoc] INFO  o.e.m.c.i.e.AbstractTransferListenerAdapter - Downloaded https://repo.maven.apache.org/maven2/io/netty/netty-transport-native-kqueue/4.1.60.Final/netty-transport-native-kqueue-4.1.60.Final-sources.jar
2025-07-09 10:00:31,290 [Worker-31: Download sources and javadoc] INFO  o.e.m.j.internal.DownloadSourcesJob - Downloaded sources for io.netty:netty-transport-native-kqueue:4.1.60.Final:osx-x86_64
2025-07-09 10:00:31,340 [Worker-31: Download sources and javadoc] INFO  o.e.m.c.i.e.AbstractTransferListenerAdapter - Downloading https://repo.maven.apache.org/maven2/com/typesafe/netty/netty-reactive-streams/2.0.4/netty-reactive-streams-2.0.4-sources.jar
2025-07-09 10:00:31,360 [Worker-31: Download sources and javadoc] INFO  o.e.m.c.i.e.AbstractTransferListenerAdapter - Downloaded https://repo.maven.apache.org/maven2/com/typesafe/netty/netty-reactive-streams/2.0.4/netty-reactive-streams-2.0.4-sources.jar
2025-07-09 10:00:31,366 [Worker-31: Download sources and javadoc] INFO  o.e.m.j.internal.DownloadSourcesJob - Downloaded sources for com.typesafe.netty:netty-reactive-streams:2.0.4
2025-07-09 10:00:31,412 [Worker-31: Download sources and javadoc] INFO  o.e.m.c.i.e.AbstractTransferListenerAdapter - Downloading https://repo.maven.apache.org/maven2/org/slf4j/slf4j-api/1.7.30/slf4j-api-1.7.30-sources.jar
2025-07-09 10:00:31,438 [Worker-31: Download sources and javadoc] INFO  o.e.m.c.i.e.AbstractTransferListenerAdapter - Downloaded https://repo.maven.apache.org/maven2/org/slf4j/slf4j-api/1.7.30/slf4j-api-1.7.30-sources.jar
2025-07-09 10:00:31,442 [Worker-31: Download sources and javadoc] INFO  o.e.m.j.internal.DownloadSourcesJob - Downloaded sources for org.slf4j:slf4j-api:1.7.30
2025-07-09 10:00:31,501 [Worker-31: Download sources and javadoc] INFO  o.e.m.c.i.e.AbstractTransferListenerAdapter - Downloading https://repo.maven.apache.org/maven2/com/sun/activation/jakarta.activation/1.2.2/jakarta.activation-1.2.2-sources.jar
2025-07-09 10:00:31,558 [Worker-31: Download sources and javadoc] INFO  o.e.m.c.i.e.AbstractTransferListenerAdapter - Downloaded https://repo.maven.apache.org/maven2/com/sun/activation/jakarta.activation/1.2.2/jakarta.activation-1.2.2-sources.jar
2025-07-09 10:00:31,563 [Worker-31: Download sources and javadoc] INFO  o.e.m.j.internal.DownloadSourcesJob - Downloaded sources for com.sun.activation:jakarta.activation:1.2.2
2025-07-09 10:00:31,612 [Worker-31: Download sources and javadoc] INFO  o.e.m.c.i.e.AbstractTransferListenerAdapter - Downloading https://repo.maven.apache.org/maven2/org/seleniumhq/selenium/selenium-http/4.1.0/selenium-http-4.1.0-sources.jar
2025-07-09 10:00:31,835 [Worker-31: Download sources and javadoc] INFO  o.e.m.c.i.e.AbstractTransferListenerAdapter - Downloaded https://repo.maven.apache.org/maven2/org/seleniumhq/selenium/selenium-http/4.1.0/selenium-http-4.1.0-sources.jar
2025-07-09 10:00:31,839 [Worker-31: Download sources and javadoc] INFO  o.e.m.j.internal.DownloadSourcesJob - Downloaded sources for org.seleniumhq.selenium:selenium-http:4.1.0
2025-07-09 10:00:31,884 [Worker-31: Download sources and javadoc] INFO  o.e.m.c.i.e.AbstractTransferListenerAdapter - Downloading https://repo.maven.apache.org/maven2/net/jodah/failsafe/2.4.4/failsafe-2.4.4-sources.jar
2025-07-09 10:00:31,917 [Worker-31: Download sources and javadoc] INFO  o.e.m.c.i.e.AbstractTransferListenerAdapter - Downloaded https://repo.maven.apache.org/maven2/net/jodah/failsafe/2.4.4/failsafe-2.4.4-sources.jar
2025-07-09 10:00:31,922 [Worker-31: Download sources and javadoc] INFO  o.e.m.j.internal.DownloadSourcesJob - Downloaded sources for net.jodah:failsafe:2.4.4
2025-07-09 10:00:31,968 [Worker-31: Download sources and javadoc] INFO  o.e.m.c.i.e.AbstractTransferListenerAdapter - Downloading https://repo.maven.apache.org/maven2/org/seleniumhq/selenium/selenium-safari-driver/4.1.0/selenium-safari-driver-4.1.0-sources.jar
2025-07-09 10:00:32,192 [Worker-31: Download sources and javadoc] INFO  o.e.m.c.i.e.AbstractTransferListenerAdapter - Downloaded https://repo.maven.apache.org/maven2/org/seleniumhq/selenium/selenium-safari-driver/4.1.0/selenium-safari-driver-4.1.0-sources.jar
2025-07-09 10:00:32,197 [Worker-31: Download sources and javadoc] INFO  o.e.m.j.internal.DownloadSourcesJob - Downloaded sources for org.seleniumhq.selenium:selenium-safari-driver:4.1.0
2025-07-09 10:00:32,245 [Worker-31: Download sources and javadoc] INFO  o.e.m.c.i.e.AbstractTransferListenerAdapter - Downloading https://repo.maven.apache.org/maven2/org/seleniumhq/selenium/selenium-support/4.1.0/selenium-support-4.1.0-sources.jar
2025-07-09 10:00:32,277 [Worker-31: Download sources and javadoc] INFO  o.e.m.c.i.e.AbstractTransferListenerAdapter - Downloaded https://repo.maven.apache.org/maven2/org/seleniumhq/selenium/selenium-support/4.1.0/selenium-support-4.1.0-sources.jar
2025-07-09 10:00:32,283 [Worker-31: Download sources and javadoc] INFO  o.e.m.j.internal.DownloadSourcesJob - Downloaded sources for org.seleniumhq.selenium:selenium-support:4.1.0
2025-07-09 10:00:33,454 [Worker-25: Building] INFO  o.a.m.s.f.DefaultMavenResourcesFiltering - skip non existing resourceDirectory D:\AViIT\Demos\Selenium_11\MyMavenProject\src\main\resources
2025-07-09 10:00:33,457 [Worker-25: Building] INFO  o.a.m.s.f.DefaultMavenResourcesFiltering - skip non existing resourceDirectory D:\AViIT\Demos\Selenium_11\MyMavenProject\src\test\resources
2025-07-09 10:00:48,528 [Worker-25: Building] INFO  o.e.m.c.i.l.LifecycleMappingFactory - Using org.eclipse.m2e.jdt.JarLifecycleMapping lifecycle mapping for MavenProject: MyMavenProject:MyMavenProject:0.0.1-SNAPSHOT @ D:\AViIT\Demos\Selenium_11\MyMavenProject\pom.xml.
2025-07-09 10:00:48,941 [Worker-25: Building] INFO  o.a.m.s.f.DefaultMavenResourcesFiltering - skip non existing resourceDirectory D:\AViIT\Demos\Selenium_11\MyMavenProject\src\main\resources
2025-07-09 10:00:48,943 [Worker-25: Building] INFO  o.a.m.s.f.DefaultMavenResourcesFiltering - skip non existing resourceDirectory D:\AViIT\Demos\Selenium_11\MyMavenProject\src\test\resources
2025-07-09 10:00:50,707 [Worker-26: Building] INFO  o.a.m.s.f.DefaultMavenResourcesFiltering - skip non existing resourceDirectory D:\AViIT\Demos\Selenium_11\MyMavenProject\src\main\resources
2025-07-09 10:00:50,709 [Worker-26: Building] INFO  o.a.m.s.f.DefaultMavenResourcesFiltering - skip non existing resourceDirectory D:\AViIT\Demos\Selenium_11\MyMavenProject\src\test\resources
2025-07-09 10:03:36,935 [Worker-26: Building] INFO  o.a.m.s.f.DefaultMavenResourcesFiltering - skip non existing resourceDirectory D:\AViIT\Demos\Selenium_11\MyMavenProject\src\main\resources
2025-07-09 10:03:36,936 [Worker-26: Building] INFO  o.a.m.s.f.DefaultMavenResourcesFiltering - skip non existing resourceDirectory D:\AViIT\Demos\Selenium_11\MyMavenProject\src\test\resources
2025-07-09 10:04:40,783 [Worker-33: Building] INFO  o.e.m.c.i.l.LifecycleMappingFactory - Using org.eclipse.m2e.jdt.JarLifecycleMapping lifecycle mapping for MavenProject: MyMavenProject:MyMavenProject:0.0.1-SNAPSHOT @ D:\AViIT\Demos\Selenium_11\MyMavenProject\pom.xml.
2025-07-09 10:04:42,097 [Worker-26: Building] INFO  o.a.m.s.f.DefaultMavenResourcesFiltering - skip non existing resourceDirectory D:\AViIT\Demos\Selenium_11\MyMavenProject\src\main\resources
2025-07-09 10:04:42,100 [Worker-26: Building] INFO  o.a.m.s.f.DefaultMavenResourcesFiltering - skip non existing resourceDirectory D:\AViIT\Demos\Selenium_11\MyMavenProject\src\test\resources
2025-07-09 10:04:43,493 [Worker-32: Building] INFO  o.e.m.c.i.l.LifecycleMappingFactory - Using org.eclipse.m2e.jdt.JarLifecycleMapping lifecycle mapping for MavenProject: MyMavenProject:MyMavenProject:0.0.1-SNAPSHOT @ D:\AViIT\Demos\Selenium_11\MyMavenProject\pom.xml.
2025-07-09 10:04:44,005 [Worker-32: Building] INFO  o.a.m.s.f.DefaultMavenResourcesFiltering - skip non existing resourceDirectory D:\AViIT\Demos\Selenium_11\MyMavenProject\src\main\resources
2025-07-09 10:04:44,007 [Worker-32: Building] INFO  o.a.m.s.f.DefaultMavenResourcesFiltering - skip non existing resourceDirectory D:\AViIT\Demos\Selenium_11\MyMavenProject\src\test\resources
2025-07-09 10:04:45,289 [Worker-32: Building] INFO  o.a.m.s.f.DefaultMavenResourcesFiltering - skip non existing resourceDirectory D:\AViIT\Demos\Selenium_11\MyMavenProject\src\main\resources
2025-07-09 10:04:45,292 [Worker-32: Building] INFO  o.a.m.s.f.DefaultMavenResourcesFiltering - skip non existing resourceDirectory D:\AViIT\Demos\Selenium_11\MyMavenProject\src\test\resources
2025-07-09 10:04:50,944 [Worker-32: Building] INFO  o.a.m.s.f.DefaultMavenResourcesFiltering - skip non existing resourceDirectory D:\AViIT\Demos\Selenium_11\MyMavenProject\src\main\resources
2025-07-09 10:04:50,945 [Worker-32: Building] INFO  o.a.m.s.f.DefaultMavenResourcesFiltering - skip non existing resourceDirectory D:\AViIT\Demos\Selenium_11\MyMavenProject\src\test\resources
2025-07-11 08:47:57,510 [Worker-0: Loading available Gradle versions] INFO  o.e.b.c.i.u.g.PublishedGradleVersions - Gradle version information cache is up-to-date. Trying to read.
2025-07-11 08:51:46,275 [Worker-14: Building] INFO  o.a.m.s.f.DefaultMavenResourcesFiltering - skip non existing resourceDirectory D:\AViIT\Demos\Selenium_11\MyMavenProject\src\main\resources
2025-07-11 08:51:46,395 [Worker-14: Building] INFO  o.a.m.s.f.DefaultMavenResourcesFiltering - skip non existing resourceDirectory D:\AViIT\Demos\Selenium_11\MyMavenProject\src\test\resources
2025-07-11 08:51:51,229 [Worker-15: Building] INFO  o.a.m.s.f.DefaultMavenResourcesFiltering - skip non existing resourceDirectory D:\AViIT\Demos\Selenium_11\MyMavenProject\src\main\resources
2025-07-11 08:51:51,232 [Worker-15: Building] INFO  o.a.m.s.f.DefaultMavenResourcesFiltering - skip non existing resourceDirectory D:\AViIT\Demos\Selenium_11\MyMavenProject\src\test\resources
2025-07-11 08:52:18,322 [Worker-14: Building] INFO  o.a.m.s.f.DefaultMavenResourcesFiltering - skip non existing resourceDirectory D:\AViIT\Demos\Selenium_11\MyMavenProject\src\main\resources
2025-07-11 08:52:18,324 [Worker-14: Building] INFO  o.a.m.s.f.DefaultMavenResourcesFiltering - skip non existing resourceDirectory D:\AViIT\Demos\Selenium_11\MyMavenProject\src\test\resources
2025-07-11 08:54:02,547 [Worker-15: Building] INFO  o.e.m.c.i.l.LifecycleMappingFactory - Using org.eclipse.m2e.jdt.JarLifecycleMapping lifecycle mapping for MavenProject: MyMavenProject:MyMavenProject:0.0.1-SNAPSHOT @ D:\AViIT\Demos\Selenium_11\MyMavenProject\pom.xml.
2025-07-11 08:54:03,276 [AetherRepositoryConnector-repo.maven.apache.org-0-1] INFO  o.e.m.c.i.e.AbstractTransferListenerAdapter - Downloading https://repo.maven.apache.org/maven2/com/beust/jcommander/1.12/jcommander-1.12.jar
2025-07-11 08:54:03,307 [AetherRepositoryConnector-repo.maven.apache.org-0-2] INFO  o.e.m.c.i.e.AbstractTransferListenerAdapter - Downloading https://repo.maven.apache.org/maven2/org/yaml/snakeyaml/1.6/snakeyaml-1.6.jar
2025-07-11 08:54:03,324 [AetherRepositoryConnector-repo.maven.apache.org-0-0] INFO  o.e.m.c.i.e.AbstractTransferListenerAdapter - Downloading https://repo.maven.apache.org/maven2/org/testng/testng/6.0/testng-6.0.jar
2025-07-11 08:54:03,585 [AetherRepositoryConnector-repo.maven.apache.org-0-1] INFO  o.e.m.c.i.e.AbstractTransferListenerAdapter - Downloaded https://repo.maven.apache.org/maven2/com/beust/jcommander/1.12/jcommander-1.12.jar
2025-07-11 08:54:03,587 [AetherRepositoryConnector-repo.maven.apache.org-0-2] INFO  o.e.m.c.i.e.AbstractTransferListenerAdapter - Downloaded https://repo.maven.apache.org/maven2/org/yaml/snakeyaml/1.6/snakeyaml-1.6.jar
2025-07-11 08:54:03,615 [AetherRepositoryConnector-repo.maven.apache.org-0-0] INFO  o.e.m.c.i.e.AbstractTransferListenerAdapter - Downloaded https://repo.maven.apache.org/maven2/org/testng/testng/6.0/testng-6.0.jar
2025-07-11 08:54:06,431 [Worker-18: Building] INFO  o.a.m.s.f.DefaultMavenResourcesFiltering - skip non existing resourceDirectory D:\AViIT\Demos\Selenium_11\MyMavenProject\src\main\resources
2025-07-11 08:54:06,437 [Worker-18: Building] INFO  o.a.m.s.f.DefaultMavenResourcesFiltering - skip non existing resourceDirectory D:\AViIT\Demos\Selenium_11\MyMavenProject\src\test\resources
2025-07-11 08:54:06,974 [Worker-20: Download sources and javadoc] INFO  o.e.m.c.i.e.AbstractTransferListenerAdapter - Downloading https://repo.maven.apache.org/maven2/org/testng/testng/6.0/testng-6.0-sources.jar
2025-07-11 08:54:07,327 [Worker-20: Download sources and javadoc] INFO  o.e.m.c.i.e.AbstractTransferListenerAdapter - Downloaded https://repo.maven.apache.org/maven2/org/testng/testng/6.0/testng-6.0-sources.jar
2025-07-11 08:54:07,518 [Worker-20: Download sources and javadoc] INFO  o.e.m.j.internal.DownloadSourcesJob - Downloaded sources for org.testng:testng:6.0
2025-07-11 08:54:07,782 [Worker-20: Download sources and javadoc] INFO  o.e.m.c.i.e.AbstractTransferListenerAdapter - Downloaded https://repo.maven.apache.org/maven2/org/beanshell/bsh/2.0b4/bsh-2.0b4-sources.jar
2025-07-11 08:54:07,791 [Worker-20: Download sources and javadoc] ERROR o.e.m.j.internal.DownloadSourcesJob - Could not download sources for org.beanshell:bsh:2.0b4
org.eclipse.core.runtime.CoreException: Could not resolve artifact org.beanshell:bsh:jar:sources:2.0b4
	at org.eclipse.m2e.core.internal.embedder.MavenImpl.lambda$4(MavenImpl.java:828)
	at org.eclipse.m2e.core.internal.embedder.MavenExecutionContext.executeBare(MavenExecutionContext.java:182)
	at org.eclipse.m2e.core.internal.embedder.MavenExecutionContext.execute(MavenExecutionContext.java:117)
	at org.eclipse.m2e.core.internal.embedder.MavenExecutionContext.execute(MavenExecutionContext.java:103)
	at org.eclipse.m2e.core.internal.embedder.MavenImpl.resolve(MavenImpl.java:796)
	at org.eclipse.m2e.core.internal.embedder.MavenImpl.resolve(MavenImpl.java:773)
	at org.eclipse.m2e.jdt.internal.DownloadSourcesJob.download(DownloadSourcesJob.java:311)
	at org.eclipse.m2e.jdt.internal.DownloadSourcesJob.downloadAttachments(DownloadSourcesJob.java:285)
	at org.eclipse.m2e.jdt.internal.DownloadSourcesJob.downloadMaven(DownloadSourcesJob.java:255)
	at org.eclipse.m2e.jdt.internal.DownloadSourcesJob.downloadFilesAndPopulateToUpdate(DownloadSourcesJob.java:223)
	at org.eclipse.m2e.jdt.internal.DownloadSourcesJob.lambda$0(DownloadSourcesJob.java:152)
	at org.eclipse.m2e.core.internal.embedder.MavenExecutionContext.executeBare(MavenExecutionContext.java:182)
	at org.eclipse.m2e.core.internal.embedder.MavenExecutionContext.execute(MavenExecutionContext.java:156)
	at org.eclipse.m2e.core.internal.embedder.MavenExecutionContext.execute(MavenExecutionContext.java:103)
	at org.eclipse.m2e.core.internal.embedder.MavenImpl.execute(MavenImpl.java:1416)
	at org.eclipse.m2e.jdt.internal.DownloadSourcesJob.run(DownloadSourcesJob.java:152)
	at org.eclipse.core.internal.jobs.Worker.run(Worker.java:63)
2025-07-11 08:54:07,862 [Worker-20: Download sources and javadoc] INFO  o.e.m.c.i.e.AbstractTransferListenerAdapter - Downloading https://repo.maven.apache.org/maven2/com/beust/jcommander/1.12/jcommander-1.12-sources.jar
2025-07-11 08:54:07,894 [Worker-20: Download sources and javadoc] INFO  o.e.m.c.i.e.AbstractTransferListenerAdapter - Downloaded https://repo.maven.apache.org/maven2/com/beust/jcommander/1.12/jcommander-1.12-sources.jar
2025-07-11 08:54:08,094 [Worker-20: Download sources and javadoc] INFO  o.e.m.j.internal.DownloadSourcesJob - Downloaded sources for com.beust:jcommander:1.12
2025-07-11 08:54:08,345 [Worker-20: Download sources and javadoc] INFO  o.e.m.c.i.e.AbstractTransferListenerAdapter - Downloading https://repo.maven.apache.org/maven2/org/yaml/snakeyaml/1.6/snakeyaml-1.6-sources.jar
2025-07-11 08:54:08,405 [Worker-20: Download sources and javadoc] INFO  o.e.m.c.i.e.AbstractTransferListenerAdapter - Downloaded https://repo.maven.apache.org/maven2/org/yaml/snakeyaml/1.6/snakeyaml-1.6-sources.jar
2025-07-11 08:54:08,595 [Worker-20: Download sources and javadoc] INFO  o.e.m.j.internal.DownloadSourcesJob - Downloaded sources for org.yaml:snakeyaml:1.6
2025-07-11 08:54:09,831 [Worker-17: Building] INFO  o.a.m.s.f.DefaultMavenResourcesFiltering - skip non existing resourceDirectory D:\AViIT\Demos\Selenium_11\MyMavenProject\src\main\resources
2025-07-11 08:54:09,833 [Worker-17: Building] INFO  o.a.m.s.f.DefaultMavenResourcesFiltering - skip non existing resourceDirectory D:\AViIT\Demos\Selenium_11\MyMavenProject\src\test\resources
2025-07-11 08:54:12,582 [Worker-17: Building] INFO  o.e.m.c.i.l.LifecycleMappingFactory - Using org.eclipse.m2e.jdt.JarLifecycleMapping lifecycle mapping for MavenProject: MyMavenProject:MyMavenProject:0.0.1-SNAPSHOT @ D:\AViIT\Demos\Selenium_11\MyMavenProject\pom.xml.
2025-07-11 08:54:13,359 [Worker-17: Building] INFO  o.a.m.s.f.DefaultMavenResourcesFiltering - skip non existing resourceDirectory D:\AViIT\Demos\Selenium_11\MyMavenProject\src\main\resources
2025-07-11 08:54:13,363 [Worker-17: Building] INFO  o.a.m.s.f.DefaultMavenResourcesFiltering - skip non existing resourceDirectory D:\AViIT\Demos\Selenium_11\MyMavenProject\src\test\resources
2025-07-11 08:54:14,776 [Worker-17: Download sources and javadoc] INFO  o.e.m.c.i.e.AbstractTransferListenerAdapter - Downloaded https://repo.maven.apache.org/maven2/org/beanshell/bsh/2.0b4/bsh-2.0b4-javadoc.jar
2025-07-11 08:54:14,780 [Worker-17: Download sources and javadoc] ERROR o.e.m.j.internal.DownloadSourcesJob - Could not download javadoc for org.beanshell:bsh:2.0b4
org.eclipse.core.runtime.CoreException: Could not resolve artifact org.beanshell:bsh:jar:javadoc:2.0b4
	at org.eclipse.m2e.core.internal.embedder.MavenImpl.lambda$4(MavenImpl.java:828)
	at org.eclipse.m2e.core.internal.embedder.MavenExecutionContext.executeBare(MavenExecutionContext.java:182)
	at org.eclipse.m2e.core.internal.embedder.MavenExecutionContext.execute(MavenExecutionContext.java:117)
	at org.eclipse.m2e.core.internal.embedder.MavenExecutionContext.execute(MavenExecutionContext.java:103)
	at org.eclipse.m2e.core.internal.embedder.MavenImpl.resolve(MavenImpl.java:796)
	at org.eclipse.m2e.core.internal.embedder.MavenImpl.resolve(MavenImpl.java:773)
	at org.eclipse.m2e.jdt.internal.DownloadSourcesJob.download(DownloadSourcesJob.java:311)
	at org.eclipse.m2e.jdt.internal.DownloadSourcesJob.downloadAttachments(DownloadSourcesJob.java:297)
	at org.eclipse.m2e.jdt.internal.DownloadSourcesJob.downloadMaven(DownloadSourcesJob.java:255)
	at org.eclipse.m2e.jdt.internal.DownloadSourcesJob.downloadFilesAndPopulateToUpdate(DownloadSourcesJob.java:223)
	at org.eclipse.m2e.jdt.internal.DownloadSourcesJob.lambda$0(DownloadSourcesJob.java:152)
	at org.eclipse.m2e.core.internal.embedder.MavenExecutionContext.executeBare(MavenExecutionContext.java:182)
	at org.eclipse.m2e.core.internal.embedder.MavenExecutionContext.execute(MavenExecutionContext.java:156)
	at org.eclipse.m2e.core.internal.embedder.MavenExecutionContext.execute(MavenExecutionContext.java:103)
	at org.eclipse.m2e.core.internal.embedder.MavenImpl.execute(MavenImpl.java:1416)
	at org.eclipse.m2e.jdt.internal.DownloadSourcesJob.run(DownloadSourcesJob.java:152)
	at org.eclipse.core.internal.jobs.Worker.run(Worker.java:63)
2025-07-11 08:54:44,214 [Worker-20: Building] INFO  o.e.m.c.i.l.LifecycleMappingFactory - Using org.eclipse.m2e.jdt.JarLifecycleMapping lifecycle mapping for MavenProject: MyMavenProject:MyMavenProject:0.0.1-SNAPSHOT @ D:\AViIT\Demos\Selenium_11\MyMavenProject\pom.xml.
2025-07-11 08:54:44,936 [Worker-20: Building] INFO  o.a.m.s.f.DefaultMavenResourcesFiltering - skip non existing resourceDirectory D:\AViIT\Demos\Selenium_11\MyMavenProject\src\main\resources
2025-07-11 08:54:44,942 [Worker-20: Building] INFO  o.a.m.s.f.DefaultMavenResourcesFiltering - skip non existing resourceDirectory D:\AViIT\Demos\Selenium_11\MyMavenProject\src\test\resources
2025-07-11 08:54:46,261 [Worker-19: Building] INFO  o.a.m.s.f.DefaultMavenResourcesFiltering - skip non existing resourceDirectory D:\AViIT\Demos\Selenium_11\MyMavenProject\src\main\resources
2025-07-11 08:54:46,263 [Worker-19: Building] INFO  o.a.m.s.f.DefaultMavenResourcesFiltering - skip non existing resourceDirectory D:\AViIT\Demos\Selenium_11\MyMavenProject\src\test\resources
2025-07-11 08:55:50,810 [Worker-19: Building] INFO  o.a.m.s.f.DefaultMavenResourcesFiltering - skip non existing resourceDirectory D:\AViIT\Demos\Selenium_11\MyMavenProject\src\main\resources
2025-07-11 08:55:50,812 [Worker-19: Building] INFO  o.a.m.s.f.DefaultMavenResourcesFiltering - skip non existing resourceDirectory D:\AViIT\Demos\Selenium_11\MyMavenProject\src\test\resources
2025-07-11 08:57:53,709 [Worker-14: Building] INFO  o.a.m.s.f.DefaultMavenResourcesFiltering - skip non existing resourceDirectory D:\AViIT\Demos\Selenium_11\MyMavenProject\src\main\resources
2025-07-11 08:57:53,711 [Worker-14: Building] INFO  o.a.m.s.f.DefaultMavenResourcesFiltering - skip non existing resourceDirectory D:\AViIT\Demos\Selenium_11\MyMavenProject\src\test\resources
2025-07-11 09:00:03,600 [Worker-22: Building] INFO  o.e.m.c.i.l.LifecycleMappingFactory - Using org.eclipse.m2e.jdt.JarLifecycleMapping lifecycle mapping for MavenProject: MyMavenProject:MyMavenProject:0.0.1-SNAPSHOT @ D:\AViIT\Demos\Selenium_11\MyMavenProject\pom.xml.
2025-07-11 09:00:04,402 [Worker-22: Building] INFO  o.a.m.s.f.DefaultMavenResourcesFiltering - skip non existing resourceDirectory D:\AViIT\Demos\Selenium_11\MyMavenProject\src\main\resources
2025-07-11 09:00:04,404 [Worker-22: Building] INFO  o.a.m.s.f.DefaultMavenResourcesFiltering - skip non existing resourceDirectory D:\AViIT\Demos\Selenium_11\MyMavenProject\src\test\resources
2025-07-11 09:00:06,595 [Worker-16: Building] INFO  o.a.m.s.f.DefaultMavenResourcesFiltering - skip non existing resourceDirectory D:\AViIT\Demos\Selenium_11\MyMavenProject\src\main\resources
2025-07-11 09:00:06,598 [Worker-16: Building] INFO  o.a.m.s.f.DefaultMavenResourcesFiltering - skip non existing resourceDirectory D:\AViIT\Demos\Selenium_11\MyMavenProject\src\test\resources
2025-07-11 09:05:23,345 [Worker-16: Building] INFO  o.a.m.s.f.DefaultMavenResourcesFiltering - skip non existing resourceDirectory D:\AViIT\Demos\Selenium_11\MyMavenProject\src\main\resources
2025-07-11 09:05:23,346 [Worker-16: Building] INFO  o.a.m.s.f.DefaultMavenResourcesFiltering - skip non existing resourceDirectory D:\AViIT\Demos\Selenium_11\MyMavenProject\src\test\resources
2025-07-11 09:05:38,251 [Worker-24: Building] INFO  o.a.m.s.f.DefaultMavenResourcesFiltering - skip non existing resourceDirectory D:\AViIT\Demos\Selenium_11\MyMavenProject\src\main\resources
2025-07-11 09:05:38,253 [Worker-24: Building] INFO  o.a.m.s.f.DefaultMavenResourcesFiltering - skip non existing resourceDirectory D:\AViIT\Demos\Selenium_11\MyMavenProject\src\test\resources
2025-07-11 09:06:40,828 [Worker-16: Building] INFO  o.a.m.s.f.DefaultMavenResourcesFiltering - skip non existing resourceDirectory D:\AViIT\Demos\Selenium_11\MyMavenProject\src\main\resources
2025-07-11 09:06:40,832 [Worker-16: Building] INFO  o.a.m.s.f.DefaultMavenResourcesFiltering - skip non existing resourceDirectory D:\AViIT\Demos\Selenium_11\MyMavenProject\src\test\resources
2025-07-11 09:06:52,023 [Worker-21: Building] INFO  o.a.m.s.f.DefaultMavenResourcesFiltering - skip non existing resourceDirectory D:\AViIT\Demos\Selenium_11\MyMavenProject\src\main\resources
2025-07-11 09:06:52,025 [Worker-21: Building] INFO  o.a.m.s.f.DefaultMavenResourcesFiltering - skip non existing resourceDirectory D:\AViIT\Demos\Selenium_11\MyMavenProject\src\test\resources
2025-07-11 09:08:50,446 [Worker-24: Building] INFO  o.a.m.s.f.DefaultMavenResourcesFiltering - skip non existing resourceDirectory D:\AViIT\Demos\Selenium_11\MyMavenProject\src\main\resources
2025-07-11 09:08:50,448 [Worker-24: Building] INFO  o.a.m.s.f.DefaultMavenResourcesFiltering - skip non existing resourceDirectory D:\AViIT\Demos\Selenium_11\MyMavenProject\src\test\resources
2025-07-11 09:09:37,996 [Worker-21: Building] INFO  o.a.m.s.f.DefaultMavenResourcesFiltering - skip non existing resourceDirectory D:\AViIT\Demos\Selenium_11\MyMavenProject\src\main\resources
2025-07-11 09:09:37,998 [Worker-21: Building] INFO  o.a.m.s.f.DefaultMavenResourcesFiltering - skip non existing resourceDirectory D:\AViIT\Demos\Selenium_11\MyMavenProject\src\test\resources
2025-07-11 09:10:12,882 [Worker-25: Building] INFO  o.a.m.s.f.DefaultMavenResourcesFiltering - skip non existing resourceDirectory D:\AViIT\Demos\Selenium_11\MyMavenProject\src\main\resources
2025-07-11 09:10:12,883 [Worker-25: Building] INFO  o.a.m.s.f.DefaultMavenResourcesFiltering - skip non existing resourceDirectory D:\AViIT\Demos\Selenium_11\MyMavenProject\src\test\resources
2025-07-11 09:10:16,569 [Worker-25: Building] INFO  o.a.m.s.f.DefaultMavenResourcesFiltering - skip non existing resourceDirectory D:\AViIT\Demos\Selenium_11\MyMavenProject\src\main\resources
2025-07-11 09:10:16,570 [Worker-25: Building] INFO  o.a.m.s.f.DefaultMavenResourcesFiltering - skip non existing resourceDirectory D:\AViIT\Demos\Selenium_11\MyMavenProject\src\test\resources
2025-07-11 09:11:12,579 [Worker-23: Building] INFO  o.a.m.s.f.DefaultMavenResourcesFiltering - skip non existing resourceDirectory D:\AViIT\Demos\Selenium_11\MyMavenProject\src\main\resources
2025-07-11 09:11:12,581 [Worker-23: Building] INFO  o.a.m.s.f.DefaultMavenResourcesFiltering - skip non existing resourceDirectory D:\AViIT\Demos\Selenium_11\MyMavenProject\src\test\resources
2025-07-11 09:12:04,402 [Worker-23: Building] INFO  o.a.m.s.f.DefaultMavenResourcesFiltering - skip non existing resourceDirectory D:\AViIT\Demos\Selenium_11\MyMavenProject\src\main\resources
2025-07-11 09:12:04,403 [Worker-23: Building] INFO  o.a.m.s.f.DefaultMavenResourcesFiltering - skip non existing resourceDirectory D:\AViIT\Demos\Selenium_11\MyMavenProject\src\test\resources
2025-07-11 09:31:23,318 [Worker-24: Building] INFO  o.a.m.s.f.DefaultMavenResourcesFiltering - skip non existing resourceDirectory D:\AViIT\Demos\Selenium_11\MyMavenProject\src\main\resources
2025-07-11 09:31:23,320 [Worker-24: Building] INFO  o.a.m.s.f.DefaultMavenResourcesFiltering - skip non existing resourceDirectory D:\AViIT\Demos\Selenium_11\MyMavenProject\src\test\resources
2025-07-11 09:33:38,985 [Worker-30: Building] INFO  o.e.m.c.i.l.LifecycleMappingFactory - Using org.eclipse.m2e.jdt.JarLifecycleMapping lifecycle mapping for MavenProject: MyMavenProject:MyMavenProject:0.0.1-SNAPSHOT @ D:\AViIT\Demos\Selenium_11\MyMavenProject\pom.xml.
2025-07-11 09:33:40,376 [Worker-29: Building] INFO  o.a.m.s.f.DefaultMavenResourcesFiltering - skip non existing resourceDirectory D:\AViIT\Demos\Selenium_11\MyMavenProject\src\main\resources
2025-07-11 09:33:40,378 [Worker-29: Building] INFO  o.a.m.s.f.DefaultMavenResourcesFiltering - skip non existing resourceDirectory D:\AViIT\Demos\Selenium_11\MyMavenProject\src\test\resources
2025-07-11 09:34:39,285 [Worker-24: Building] INFO  o.a.m.s.f.DefaultMavenResourcesFiltering - skip non existing resourceDirectory D:\AViIT\Demos\Selenium_11\MyMavenProject\src\main\resources
2025-07-11 09:34:39,287 [Worker-24: Building] INFO  o.a.m.s.f.DefaultMavenResourcesFiltering - skip non existing resourceDirectory D:\AViIT\Demos\Selenium_11\MyMavenProject\src\test\resources
2025-07-11 09:35:17,180 [Worker-29: Building] INFO  o.a.m.s.f.DefaultMavenResourcesFiltering - skip non existing resourceDirectory D:\AViIT\Demos\Selenium_11\MyMavenProject\src\main\resources
2025-07-11 09:35:17,182 [Worker-29: Building] INFO  o.a.m.s.f.DefaultMavenResourcesFiltering - skip non existing resourceDirectory D:\AViIT\Demos\Selenium_11\MyMavenProject\src\test\resources
2025-07-11 09:36:21,946 [Worker-30: Building] INFO  o.a.m.s.f.DefaultMavenResourcesFiltering - skip non existing resourceDirectory D:\AViIT\Demos\Selenium_11\MyMavenProject\src\main\resources
2025-07-11 09:36:21,947 [Worker-30: Building] INFO  o.a.m.s.f.DefaultMavenResourcesFiltering - skip non existing resourceDirectory D:\AViIT\Demos\Selenium_11\MyMavenProject\src\test\resources
2025-07-11 09:36:35,856 [Worker-29: Updating Maven Project] INFO  o.e.m.c.i.p.ProjectConfigurationManager - Update started
2025-07-11 09:36:36,185 [Worker-29: Updating Maven Project] INFO  o.e.m.c.i.l.LifecycleMappingFactory - Using org.eclipse.m2e.jdt.JarLifecycleMapping lifecycle mapping for MavenProject: MyMavenProject:MyMavenProject:0.0.1-SNAPSHOT @ D:\AViIT\Demos\Selenium_11\MyMavenProject\pom.xml.
2025-07-11 09:36:37,126 [Worker-29: Updating Maven Project] INFO  o.e.m.j.i.AbstractJavaProjectConfigurator - Adding source folder /MyMavenProject/src/main/java
2025-07-11 09:36:37,126 [Worker-29: Updating Maven Project] INFO  o.e.m.j.i.AbstractJavaProjectConfigurator - Adding source folder /MyMavenProject/src/test/java
2025-07-11 09:36:37,531 [Worker-29: Updating Maven Project] INFO  o.e.m.c.i.p.ProjectConfigurationManager - Update completed: 1 sec
2025-07-11 09:36:38,135 [Worker-30: Building] INFO  o.a.m.s.f.DefaultMavenResourcesFiltering - skip non existing resourceDirectory D:\AViIT\Demos\Selenium_11\MyMavenProject\src\main\resources
2025-07-11 09:36:38,146 [Worker-30: Building] INFO  o.a.m.s.f.DefaultMavenResourcesFiltering - skip non existing resourceDirectory D:\AViIT\Demos\Selenium_11\MyMavenProject\src\test\resources
2025-07-11 09:37:23,330 [Worker-31: Building] INFO  o.a.m.s.f.DefaultMavenResourcesFiltering - skip non existing resourceDirectory D:\AViIT\Demos\Selenium_11\MyMavenProject\src\main\resources
2025-07-11 09:37:23,332 [Worker-31: Building] INFO  o.a.m.s.f.DefaultMavenResourcesFiltering - skip non existing resourceDirectory D:\AViIT\Demos\Selenium_11\MyMavenProject\src\test\resources
2025-07-11 09:39:27,531 [Worker-24: Building] INFO  o.a.m.s.f.DefaultMavenResourcesFiltering - skip non existing resourceDirectory D:\AViIT\Demos\Selenium_11\MyMavenProject\src\main\resources
2025-07-11 09:39:27,533 [Worker-24: Building] INFO  o.a.m.s.f.DefaultMavenResourcesFiltering - skip non existing resourceDirectory D:\AViIT\Demos\Selenium_11\MyMavenProject\src\test\resources
2025-07-11 09:39:56,528 [Worker-30: Building] INFO  o.a.m.s.f.DefaultMavenResourcesFiltering - skip non existing resourceDirectory D:\AViIT\Demos\Selenium_11\MyMavenProject\src\main\resources
2025-07-11 09:39:56,530 [Worker-30: Building] INFO  o.a.m.s.f.DefaultMavenResourcesFiltering - skip non existing resourceDirectory D:\AViIT\Demos\Selenium_11\MyMavenProject\src\test\resources
2025-07-11 09:41:54,085 [Worker-32: Building] INFO  o.a.m.s.f.DefaultMavenResourcesFiltering - skip non existing resourceDirectory D:\AViIT\Demos\Selenium_11\MyMavenProject\src\main\resources
2025-07-11 09:41:54,086 [Worker-32: Building] INFO  o.a.m.s.f.DefaultMavenResourcesFiltering - skip non existing resourceDirectory D:\AViIT\Demos\Selenium_11\MyMavenProject\src\test\resources
2025-07-11 09:44:53,322 [Worker-31: Building] INFO  o.a.m.s.f.DefaultMavenResourcesFiltering - skip non existing resourceDirectory D:\AViIT\Demos\Selenium_11\MyMavenProject\src\main\resources
2025-07-11 09:44:53,324 [Worker-31: Building] INFO  o.a.m.s.f.DefaultMavenResourcesFiltering - skip non existing resourceDirectory D:\AViIT\Demos\Selenium_11\MyMavenProject\src\test\resources
2025-07-11 09:48:11,535 [Worker-31: Building] INFO  o.a.m.s.f.DefaultMavenResourcesFiltering - skip non existing resourceDirectory D:\AViIT\Demos\Selenium_11\MyMavenProject\src\main\resources
2025-07-11 09:48:11,537 [Worker-31: Building] INFO  o.a.m.s.f.DefaultMavenResourcesFiltering - skip non existing resourceDirectory D:\AViIT\Demos\Selenium_11\MyMavenProject\src\test\resources
2025-07-11 09:49:05,160 [Worker-29: Building] INFO  o.a.m.s.f.DefaultMavenResourcesFiltering - skip non existing resourceDirectory D:\AViIT\Demos\Selenium_11\MyMavenProject\src\main\resources
2025-07-11 09:49:05,162 [Worker-29: Building] INFO  o.a.m.s.f.DefaultMavenResourcesFiltering - skip non existing resourceDirectory D:\AViIT\Demos\Selenium_11\MyMavenProject\src\test\resources
2025-07-11 09:49:21,636 [Worker-32: Building] INFO  o.a.m.s.f.DefaultMavenResourcesFiltering - skip non existing resourceDirectory D:\AViIT\Demos\Selenium_11\MyMavenProject\src\main\resources
2025-07-11 09:49:21,638 [Worker-32: Building] INFO  o.a.m.s.f.DefaultMavenResourcesFiltering - skip non existing resourceDirectory D:\AViIT\Demos\Selenium_11\MyMavenProject\src\test\resources
2025-07-11 09:51:31,770 [Worker-32: Building] INFO  o.a.m.s.f.DefaultMavenResourcesFiltering - skip non existing resourceDirectory D:\AViIT\Demos\Selenium_11\MyMavenProject\src\main\resources
2025-07-11 09:51:31,772 [Worker-32: Building] INFO  o.a.m.s.f.DefaultMavenResourcesFiltering - skip non existing resourceDirectory D:\AViIT\Demos\Selenium_11\MyMavenProject\src\test\resources
2025-07-11 09:52:10,861 [Worker-31: Building] INFO  o.a.m.s.f.DefaultMavenResourcesFiltering - skip non existing resourceDirectory D:\AViIT\Demos\Selenium_11\MyMavenProject\src\main\resources
2025-07-11 09:52:10,863 [Worker-31: Building] INFO  o.a.m.s.f.DefaultMavenResourcesFiltering - skip non existing resourceDirectory D:\AViIT\Demos\Selenium_11\MyMavenProject\src\test\resources
2025-07-11 09:52:58,975 [Worker-30: Building] INFO  o.a.m.s.f.DefaultMavenResourcesFiltering - skip non existing resourceDirectory D:\AViIT\Demos\Selenium_11\MyMavenProject\src\main\resources
2025-07-11 09:52:58,977 [Worker-30: Building] INFO  o.a.m.s.f.DefaultMavenResourcesFiltering - skip non existing resourceDirectory D:\AViIT\Demos\Selenium_11\MyMavenProject\src\test\resources
2025-07-11 09:52:59,995 [Worker-31: Building] INFO  o.a.m.s.f.DefaultMavenResourcesFiltering - skip non existing resourceDirectory D:\AViIT\Demos\Selenium_11\MyMavenProject\src\main\resources
2025-07-11 09:52:59,996 [Worker-31: Building] INFO  o.a.m.s.f.DefaultMavenResourcesFiltering - skip non existing resourceDirectory D:\AViIT\Demos\Selenium_11\MyMavenProject\src\test\resources
2025-07-11 10:27:33,069 [Worker-35: Building] INFO  o.a.m.s.f.DefaultMavenResourcesFiltering - skip non existing resourceDirectory D:\AViIT\Demos\Selenium_11\MyMavenProject\src\main\resources
2025-07-11 10:27:33,070 [Worker-35: Building] INFO  o.a.m.s.f.DefaultMavenResourcesFiltering - skip non existing resourceDirectory D:\AViIT\Demos\Selenium_11\MyMavenProject\src\test\resources
2025-07-11 10:27:34,134 [Worker-34: Building] INFO  o.a.m.s.f.DefaultMavenResourcesFiltering - skip non existing resourceDirectory D:\AViIT\Demos\Selenium_11\MyMavenProject\src\main\resources
2025-07-11 10:27:34,135 [Worker-34: Building] INFO  o.a.m.s.f.DefaultMavenResourcesFiltering - skip non existing resourceDirectory D:\AViIT\Demos\Selenium_11\MyMavenProject\src\test\resources
2025-07-14 09:36:36,738 [Worker-1: Loading available Gradle versions] INFO  o.e.b.c.i.u.g.PublishedGradleVersions - Gradle version information cache is out-of-date. Trying to update.
2025-07-15 08:41:51,145 [Worker-0: Loading available Gradle versions] INFO  o.e.b.c.i.u.g.PublishedGradleVersions - Gradle version information cache is up-to-date. Trying to read.
2025-07-15 08:48:55,832 [Worker-11: Launching D04SimpleExtentReport] INFO  o.a.m.s.f.DefaultMavenResourcesFiltering - skip non existing resourceDirectory D:\AViIT\Demos\Selenium_11\MyMavenProject\src\main\resources
2025-07-15 08:48:55,837 [Worker-11: Launching D04SimpleExtentReport] INFO  o.a.m.s.f.DefaultMavenResourcesFiltering - skip non existing resourceDirectory D:\AViIT\Demos\Selenium_11\MyMavenProject\src\test\resources
2025-07-15 08:49:26,819 [Worker-13: Building] INFO  o.a.m.s.f.DefaultMavenResourcesFiltering - skip non existing resourceDirectory D:\AViIT\Demos\Selenium_11\MyMavenProject\src\main\resources
2025-07-15 08:49:26,826 [Worker-13: Building] INFO  o.a.m.s.f.DefaultMavenResourcesFiltering - skip non existing resourceDirectory D:\AViIT\Demos\Selenium_11\MyMavenProject\src\test\resources
2025-07-15 08:50:50,726 [Worker-9: Building] INFO  o.a.m.s.f.DefaultMavenResourcesFiltering - skip non existing resourceDirectory D:\AViIT\Demos\Selenium_11\MyMavenProject\src\main\resources
2025-07-15 08:50:50,730 [Worker-9: Building] INFO  o.a.m.s.f.DefaultMavenResourcesFiltering - skip non existing resourceDirectory D:\AViIT\Demos\Selenium_11\MyMavenProject\src\test\resources
2025-07-15 08:51:16,202 [Worker-9: Building] INFO  o.a.m.s.f.DefaultMavenResourcesFiltering - skip non existing resourceDirectory D:\AViIT\Demos\Selenium_11\MyMavenProject\src\main\resources
2025-07-15 08:51:16,203 [Worker-9: Building] INFO  o.a.m.s.f.DefaultMavenResourcesFiltering - skip non existing resourceDirectory D:\AViIT\Demos\Selenium_11\MyMavenProject\src\test\resources
2025-07-15 08:54:05,962 [Worker-15: Building] INFO  o.a.m.s.f.DefaultMavenResourcesFiltering - skip non existing resourceDirectory D:\AViIT\Demos\Selenium_11\MyMavenProject\src\main\resources
2025-07-15 08:54:05,964 [Worker-15: Building] INFO  o.a.m.s.f.DefaultMavenResourcesFiltering - skip non existing resourceDirectory D:\AViIT\Demos\Selenium_11\MyMavenProject\src\test\resources
2025-07-15 09:01:36,595 [Worker-15: Building] INFO  o.a.m.s.f.DefaultMavenResourcesFiltering - skip non existing resourceDirectory D:\AViIT\Demos\Selenium_11\MyMavenProject\src\main\resources
2025-07-15 09:01:36,614 [Worker-15: Building] INFO  o.a.m.s.f.DefaultMavenResourcesFiltering - skip non existing resourceDirectory D:\AViIT\Demos\Selenium_11\MyMavenProject\src\test\resources
2025-07-17 08:55:54,272 [Worker-12: Loading available Gradle versions] INFO  o.e.b.c.i.u.g.PublishedGradleVersions - Gradle version information cache is out-of-date. Trying to update.
2025-07-17 09:09:12,075 [Worker-0: Loading available Gradle versions] INFO  o.e.b.c.i.u.g.PublishedGradleVersions - Gradle version information cache is up-to-date. Trying to read.
2025-07-17 09:17:58,721 [Worker-0: Loading available Gradle versions] INFO  o.e.b.c.i.u.g.PublishedGradleVersions - Gradle version information cache is up-to-date. Trying to read.
2025-07-17 09:24:10,685 [ModalContext] INFO  o.e.m.c.i.e.AbstractTransferListenerAdapter - Downloading https://repo.maven.apache.org/maven2/io/cucumber/cucumber-archetype/7.11.2/cucumber-archetype-7.11.2.pom
2025-07-17 09:24:11,226 [ModalContext] INFO  o.e.m.c.i.e.AbstractTransferListenerAdapter - Downloaded https://repo.maven.apache.org/maven2/io/cucumber/cucumber-archetype/7.11.2/cucumber-archetype-7.11.2.pom
2025-07-17 09:24:11,361 [ModalContext] INFO  o.e.m.c.i.e.AbstractTransferListenerAdapter - Downloading https://repo.maven.apache.org/maven2/io/cucumber/cucumber-archetype/7.11.2/cucumber-archetype-7.11.2.jar
2025-07-17 09:24:11,384 [ModalContext] INFO  o.e.m.c.i.e.AbstractTransferListenerAdapter - Downloaded https://repo.maven.apache.org/maven2/io/cucumber/cucumber-archetype/7.11.2/cucumber-archetype-7.11.2.jar
2025-07-17 09:25:43,535 [Worker-0: Loading available Gradle versions] INFO  o.e.b.c.i.u.g.PublishedGradleVersions - Gradle version information cache is up-to-date. Trying to read.
2025-07-17 09:26:42,100 [ModalContext] INFO  o.e.m.c.i.e.AbstractTransferListenerAdapter - Downloading https://repo.maven.apache.org/maven2/io/cucumber/cucumber-archetype/7.25.0/cucumber-archetype-7.25.0.pom
2025-07-17 09:26:42,438 [ModalContext] INFO  o.e.m.c.i.e.AbstractTransferListenerAdapter - Downloaded https://repo.maven.apache.org/maven2/io/cucumber/cucumber-archetype/7.25.0/cucumber-archetype-7.25.0.pom
2025-07-17 09:26:42,518 [ModalContext] INFO  o.e.m.c.i.e.AbstractTransferListenerAdapter - Downloading https://repo.maven.apache.org/maven2/io/cucumber/cucumber-archetype/7.25.0/cucumber-archetype-7.25.0.jar
2025-07-17 09:26:42,544 [ModalContext] INFO  o.e.m.c.i.e.AbstractTransferListenerAdapter - Downloaded https://repo.maven.apache.org/maven2/io/cucumber/cucumber-archetype/7.25.0/cucumber-archetype-7.25.0.jar
2025-07-17 09:27:45,588 [Worker-3: Creating cucumber-archetype] INFO  o.e.m.c.i.p.ProjectConfigurationManager - Collecting project info '/pom.xml' D:\AViIT\Demos\Selenium_11\MyCucumberProject\pom.xml
2025-07-17 09:27:46,185 [Worker-3: Creating cucumber-archetype] INFO  o.e.m.c.i.e.AbstractTransferListenerAdapter - Downloading https://repo.maven.apache.org/maven2/io/cucumber/cucumber-bom/7.25.0/cucumber-bom-7.25.0.pom
2025-07-17 09:27:46,560 [Worker-3: Creating cucumber-archetype] INFO  o.e.m.c.i.e.AbstractTransferListenerAdapter - Downloaded https://repo.maven.apache.org/maven2/io/cucumber/cucumber-bom/7.25.0/cucumber-bom-7.25.0.pom
2025-07-17 09:27:46,595 [Worker-3: Creating cucumber-archetype] INFO  o.e.m.c.i.e.AbstractTransferListenerAdapter - Downloading https://repo.maven.apache.org/maven2/io/cucumber/cucumber-jvm/7.25.0/cucumber-jvm-7.25.0.pom
2025-07-17 09:27:46,938 [Worker-3: Creating cucumber-archetype] INFO  o.e.m.c.i.e.AbstractTransferListenerAdapter - Downloaded https://repo.maven.apache.org/maven2/io/cucumber/cucumber-jvm/7.25.0/cucumber-jvm-7.25.0.pom
2025-07-17 09:27:46,981 [Worker-3: Creating cucumber-archetype] INFO  o.e.m.c.i.e.AbstractTransferListenerAdapter - Downloading https://repo.maven.apache.org/maven2/org/junit/junit-bom/5.13.3/junit-bom-5.13.3.pom
2025-07-17 09:27:47,015 [Worker-3: Creating cucumber-archetype] INFO  o.e.m.c.i.e.AbstractTransferListenerAdapter - Downloaded https://repo.maven.apache.org/maven2/org/junit/junit-bom/5.13.3/junit-bom-5.13.3.pom
2025-07-17 09:27:50,132 [Worker-3: Creating cucumber-archetype] INFO  o.e.m.c.i.l.LifecycleMappingFactory - Using org.eclipse.m2e.jdt.JarLifecycleMapping lifecycle mapping for MavenProject: MyCucumberProject:MyCucumberProject:0.0.1-SNAPSHOT @ D:\AViIT\Demos\Selenium_11\MyCucumberProject\pom.xml.
2025-07-17 09:27:50,154 [Worker-3: Creating cucumber-archetype] INFO  o.e.m.c.i.e.AbstractTransferListenerAdapter - Downloading https://repo.maven.apache.org/maven2/io/cucumber/cucumber-java/7.25.0/cucumber-java-7.25.0.pom
2025-07-17 09:27:50,472 [Worker-3: Creating cucumber-archetype] INFO  o.e.m.c.i.e.AbstractTransferListenerAdapter - Downloaded https://repo.maven.apache.org/maven2/io/cucumber/cucumber-java/7.25.0/cucumber-java-7.25.0.pom
2025-07-17 09:27:50,509 [Worker-3: Creating cucumber-archetype] INFO  o.e.m.c.i.e.AbstractTransferListenerAdapter - Downloading https://repo.maven.apache.org/maven2/com/fasterxml/jackson/jackson-bom/2.19.1/jackson-bom-2.19.1.pom
2025-07-17 09:27:50,570 [Worker-3: Creating cucumber-archetype] INFO  o.e.m.c.i.e.AbstractTransferListenerAdapter - Downloaded https://repo.maven.apache.org/maven2/com/fasterxml/jackson/jackson-bom/2.19.1/jackson-bom-2.19.1.pom
2025-07-17 09:27:50,633 [Worker-3: Creating cucumber-archetype] INFO  o.e.m.c.i.e.AbstractTransferListenerAdapter - Downloading https://repo.maven.apache.org/maven2/com/fasterxml/jackson/jackson-parent/2.19.2/jackson-parent-2.19.2.pom
2025-07-17 09:27:50,664 [Worker-3: Creating cucumber-archetype] INFO  o.e.m.c.i.e.AbstractTransferListenerAdapter - Downloaded https://repo.maven.apache.org/maven2/com/fasterxml/jackson/jackson-parent/2.19.2/jackson-parent-2.19.2.pom
2025-07-17 09:27:50,700 [Worker-3: Creating cucumber-archetype] INFO  o.e.m.c.i.e.AbstractTransferListenerAdapter - Downloading https://repo.maven.apache.org/maven2/com/fasterxml/oss-parent/68/oss-parent-68.pom
2025-07-17 09:27:50,725 [Worker-3: Creating cucumber-archetype] INFO  o.e.m.c.i.e.AbstractTransferListenerAdapter - Downloaded https://repo.maven.apache.org/maven2/com/fasterxml/oss-parent/68/oss-parent-68.pom
2025-07-17 09:27:50,752 [Worker-3: Creating cucumber-archetype] INFO  o.e.m.c.i.e.AbstractTransferListenerAdapter - Downloading https://repo.maven.apache.org/maven2/io/cucumber/cucumber-core/7.25.0/cucumber-core-7.25.0.pom
2025-07-17 09:27:51,096 [Worker-3: Creating cucumber-archetype] INFO  o.e.m.c.i.e.AbstractTransferListenerAdapter - Downloaded https://repo.maven.apache.org/maven2/io/cucumber/cucumber-core/7.25.0/cucumber-core-7.25.0.pom
2025-07-17 09:27:51,126 [Worker-3: Creating cucumber-archetype] INFO  o.e.m.c.i.e.AbstractTransferListenerAdapter - Downloading https://repo.maven.apache.org/maven2/io/cucumber/cucumber-gherkin/7.25.0/cucumber-gherkin-7.25.0.pom
2025-07-17 09:27:51,986 [Worker-3: Creating cucumber-archetype] INFO  o.e.m.c.i.e.AbstractTransferListenerAdapter - Downloaded https://repo.maven.apache.org/maven2/io/cucumber/cucumber-gherkin/7.25.0/cucumber-gherkin-7.25.0.pom
2025-07-17 09:27:52,009 [Worker-3: Creating cucumber-archetype] INFO  o.e.m.c.i.e.AbstractTransferListenerAdapter - Downloading https://repo.maven.apache.org/maven2/io/cucumber/cucumber-plugin/7.25.0/cucumber-plugin-7.25.0.pom
2025-07-17 09:27:52,339 [Worker-3: Creating cucumber-archetype] INFO  o.e.m.c.i.e.AbstractTransferListenerAdapter - Downloaded https://repo.maven.apache.org/maven2/io/cucumber/cucumber-plugin/7.25.0/cucumber-plugin-7.25.0.pom
2025-07-17 09:27:52,440 [Worker-3: Creating cucumber-archetype] INFO  o.e.m.c.i.e.AbstractTransferListenerAdapter - Downloading https://repo.maven.apache.org/maven2/io/cucumber/cucumber-gherkin-messages/7.25.0/cucumber-gherkin-messages-7.25.0.pom
2025-07-17 09:27:52,751 [Worker-3: Creating cucumber-archetype] INFO  o.e.m.c.i.e.AbstractTransferListenerAdapter - Downloaded https://repo.maven.apache.org/maven2/io/cucumber/cucumber-gherkin-messages/7.25.0/cucumber-gherkin-messages-7.25.0.pom
2025-07-17 09:27:52,790 [Worker-3: Creating cucumber-archetype] INFO  o.e.m.c.i.e.AbstractTransferListenerAdapter - Downloading https://repo.maven.apache.org/maven2/io/cucumber/gherkin/33.0.0/gherkin-33.0.0.pom
2025-07-17 09:27:52,808 [Worker-3: Creating cucumber-archetype] INFO  o.e.m.c.i.e.AbstractTransferListenerAdapter - Downloaded https://repo.maven.apache.org/maven2/io/cucumber/gherkin/33.0.0/gherkin-33.0.0.pom
2025-07-17 09:27:52,828 [Worker-3: Creating cucumber-archetype] INFO  o.e.m.c.i.e.AbstractTransferListenerAdapter - Downloading https://repo.maven.apache.org/maven2/io/cucumber/messages/28.0.0/messages-28.0.0.pom
2025-07-17 09:27:52,848 [Worker-3: Creating cucumber-archetype] INFO  o.e.m.c.i.e.AbstractTransferListenerAdapter - Downloaded https://repo.maven.apache.org/maven2/io/cucumber/messages/28.0.0/messages-28.0.0.pom
2025-07-17 09:27:52,868 [Worker-3: Creating cucumber-archetype] INFO  o.e.m.c.i.e.AbstractTransferListenerAdapter - Downloading https://repo.maven.apache.org/maven2/io/cucumber/pretty-formatter/0.3.0/pretty-formatter-0.3.0.pom
2025-07-17 09:27:52,892 [Worker-3: Creating cucumber-archetype] INFO  o.e.m.c.i.e.AbstractTransferListenerAdapter - Downloaded https://repo.maven.apache.org/maven2/io/cucumber/pretty-formatter/0.3.0/pretty-formatter-0.3.0.pom
2025-07-17 09:27:52,919 [Worker-3: Creating cucumber-archetype] INFO  o.e.m.c.i.e.AbstractTransferListenerAdapter - Downloading https://repo.maven.apache.org/maven2/io/cucumber/query/13.5.0/query-13.5.0.pom
2025-07-17 09:27:52,954 [Worker-3: Creating cucumber-archetype] INFO  o.e.m.c.i.e.AbstractTransferListenerAdapter - Downloaded https://repo.maven.apache.org/maven2/io/cucumber/query/13.5.0/query-13.5.0.pom
2025-07-17 09:27:52,986 [Worker-3: Creating cucumber-archetype] INFO  o.e.m.c.i.e.AbstractTransferListenerAdapter - Downloading https://repo.maven.apache.org/maven2/io/cucumber/testng-xml-formatter/0.4.0/testng-xml-formatter-0.4.0.pom
2025-07-17 09:27:53,013 [Worker-3: Creating cucumber-archetype] INFO  o.e.m.c.i.e.AbstractTransferListenerAdapter - Downloaded https://repo.maven.apache.org/maven2/io/cucumber/testng-xml-formatter/0.4.0/testng-xml-formatter-0.4.0.pom
2025-07-17 09:27:53,071 [Worker-3: Creating cucumber-archetype] INFO  o.e.m.c.i.e.AbstractTransferListenerAdapter - Downloading https://repo.maven.apache.org/maven2/io/cucumber/datatable/7.25.0/datatable-7.25.0.pom
2025-07-17 09:27:53,423 [Worker-3: Creating cucumber-archetype] INFO  o.e.m.c.i.e.AbstractTransferListenerAdapter - Downloaded https://repo.maven.apache.org/maven2/io/cucumber/datatable/7.25.0/datatable-7.25.0.pom
2025-07-17 09:27:53,450 [Worker-3: Creating cucumber-archetype] INFO  o.e.m.c.i.e.AbstractTransferListenerAdapter - Downloading https://repo.maven.apache.org/maven2/io/cucumber/docstring/7.25.0/docstring-7.25.0.pom
2025-07-17 09:27:53,789 [Worker-3: Creating cucumber-archetype] INFO  o.e.m.c.i.e.AbstractTransferListenerAdapter - Downloaded https://repo.maven.apache.org/maven2/io/cucumber/docstring/7.25.0/docstring-7.25.0.pom
2025-07-17 09:27:53,812 [Worker-3: Creating cucumber-archetype] INFO  o.e.m.c.i.e.AbstractTransferListenerAdapter - Downloading https://repo.maven.apache.org/maven2/io/cucumber/html-formatter/21.13.0/html-formatter-21.13.0.pom
2025-07-17 09:27:53,829 [Worker-3: Creating cucumber-archetype] INFO  o.e.m.c.i.e.AbstractTransferListenerAdapter - Downloaded https://repo.maven.apache.org/maven2/io/cucumber/html-formatter/21.13.0/html-formatter-21.13.0.pom
2025-07-17 09:27:53,854 [Worker-3: Creating cucumber-archetype] INFO  o.e.m.c.i.e.AbstractTransferListenerAdapter - Downloading https://repo.maven.apache.org/maven2/io/cucumber/junit-xml-formatter/0.8.0/junit-xml-formatter-0.8.0.pom
2025-07-17 09:27:53,882 [Worker-3: Creating cucumber-archetype] INFO  o.e.m.c.i.e.AbstractTransferListenerAdapter - Downloaded https://repo.maven.apache.org/maven2/io/cucumber/junit-xml-formatter/0.8.0/junit-xml-formatter-0.8.0.pom
2025-07-17 09:27:53,925 [Worker-3: Creating cucumber-archetype] INFO  o.e.m.c.i.e.AbstractTransferListenerAdapter - Downloading https://repo.maven.apache.org/maven2/io/cucumber/cucumber-junit-platform-engine/7.25.0/cucumber-junit-platform-engine-7.25.0.pom
2025-07-17 09:27:54,251 [Worker-3: Creating cucumber-archetype] INFO  o.e.m.c.i.e.AbstractTransferListenerAdapter - Downloaded https://repo.maven.apache.org/maven2/io/cucumber/cucumber-junit-platform-engine/7.25.0/cucumber-junit-platform-engine-7.25.0.pom
2025-07-17 09:27:54,275 [Worker-3: Creating cucumber-archetype] INFO  o.e.m.c.i.e.AbstractTransferListenerAdapter - Downloading https://repo.maven.apache.org/maven2/org/junit/platform/junit-platform-engine/1.13.3/junit-platform-engine-1.13.3.pom
2025-07-17 09:27:54,292 [Worker-3: Creating cucumber-archetype] INFO  o.e.m.c.i.e.AbstractTransferListenerAdapter - Downloaded https://repo.maven.apache.org/maven2/org/junit/platform/junit-platform-engine/1.13.3/junit-platform-engine-1.13.3.pom
2025-07-17 09:27:54,315 [Worker-3: Creating cucumber-archetype] INFO  o.e.m.c.i.e.AbstractTransferListenerAdapter - Downloading https://repo.maven.apache.org/maven2/org/junit/platform/junit-platform-commons/1.13.3/junit-platform-commons-1.13.3.pom
2025-07-17 09:27:54,339 [Worker-3: Creating cucumber-archetype] INFO  o.e.m.c.i.e.AbstractTransferListenerAdapter - Downloaded https://repo.maven.apache.org/maven2/org/junit/platform/junit-platform-commons/1.13.3/junit-platform-commons-1.13.3.pom
2025-07-17 09:27:54,365 [Worker-3: Creating cucumber-archetype] INFO  o.e.m.c.i.e.AbstractTransferListenerAdapter - Downloading https://repo.maven.apache.org/maven2/org/junit/platform/junit-platform-suite/1.13.3/junit-platform-suite-1.13.3.pom
2025-07-17 09:27:54,382 [Worker-3: Creating cucumber-archetype] INFO  o.e.m.c.i.e.AbstractTransferListenerAdapter - Downloaded https://repo.maven.apache.org/maven2/org/junit/platform/junit-platform-suite/1.13.3/junit-platform-suite-1.13.3.pom
2025-07-17 09:27:54,401 [Worker-3: Creating cucumber-archetype] INFO  o.e.m.c.i.e.AbstractTransferListenerAdapter - Downloading https://repo.maven.apache.org/maven2/org/junit/platform/junit-platform-suite-api/1.13.3/junit-platform-suite-api-1.13.3.pom
2025-07-17 09:27:54,422 [Worker-3: Creating cucumber-archetype] INFO  o.e.m.c.i.e.AbstractTransferListenerAdapter - Downloaded https://repo.maven.apache.org/maven2/org/junit/platform/junit-platform-suite-api/1.13.3/junit-platform-suite-api-1.13.3.pom
2025-07-17 09:27:54,440 [Worker-3: Creating cucumber-archetype] INFO  o.e.m.c.i.e.AbstractTransferListenerAdapter - Downloading https://repo.maven.apache.org/maven2/org/junit/platform/junit-platform-suite-engine/1.13.3/junit-platform-suite-engine-1.13.3.pom
2025-07-17 09:27:54,462 [Worker-3: Creating cucumber-archetype] INFO  o.e.m.c.i.e.AbstractTransferListenerAdapter - Downloaded https://repo.maven.apache.org/maven2/org/junit/platform/junit-platform-suite-engine/1.13.3/junit-platform-suite-engine-1.13.3.pom
2025-07-17 09:27:54,491 [Worker-3: Creating cucumber-archetype] INFO  o.e.m.c.i.e.AbstractTransferListenerAdapter - Downloading https://repo.maven.apache.org/maven2/org/junit/platform/junit-platform-suite-commons/1.13.3/junit-platform-suite-commons-1.13.3.pom
2025-07-17 09:27:54,509 [Worker-3: Creating cucumber-archetype] INFO  o.e.m.c.i.e.AbstractTransferListenerAdapter - Downloaded https://repo.maven.apache.org/maven2/org/junit/platform/junit-platform-suite-commons/1.13.3/junit-platform-suite-commons-1.13.3.pom
2025-07-17 09:27:54,534 [Worker-3: Creating cucumber-archetype] INFO  o.e.m.c.i.e.AbstractTransferListenerAdapter - Downloading https://repo.maven.apache.org/maven2/org/junit/platform/junit-platform-launcher/1.13.3/junit-platform-launcher-1.13.3.pom
2025-07-17 09:27:54,550 [Worker-3: Creating cucumber-archetype] INFO  o.e.m.c.i.e.AbstractTransferListenerAdapter - Downloaded https://repo.maven.apache.org/maven2/org/junit/platform/junit-platform-launcher/1.13.3/junit-platform-launcher-1.13.3.pom
2025-07-17 09:27:54,653 [AetherRepositoryConnector-repo.maven.apache.org-0-0] INFO  o.e.m.c.i.e.AbstractTransferListenerAdapter - Downloading https://repo.maven.apache.org/maven2/io/cucumber/cucumber-java/7.25.0/cucumber-java-7.25.0.jar
2025-07-17 09:27:54,679 [AetherRepositoryConnector-repo.maven.apache.org-0-4] INFO  o.e.m.c.i.e.AbstractTransferListenerAdapter - Downloading https://repo.maven.apache.org/maven2/io/cucumber/gherkin/33.0.0/gherkin-33.0.0.jar
2025-07-17 09:27:54,679 [AetherRepositoryConnector-repo.maven.apache.org-0-3] INFO  o.e.m.c.i.e.AbstractTransferListenerAdapter - Downloading https://repo.maven.apache.org/maven2/io/cucumber/cucumber-gherkin-messages/7.25.0/cucumber-gherkin-messages-7.25.0.jar
2025-07-17 09:27:54,679 [AetherRepositoryConnector-repo.maven.apache.org-0-1] INFO  o.e.m.c.i.e.AbstractTransferListenerAdapter - Downloading https://repo.maven.apache.org/maven2/io/cucumber/cucumber-core/7.25.0/cucumber-core-7.25.0.jar
2025-07-17 09:27:54,679 [AetherRepositoryConnector-repo.maven.apache.org-0-2] INFO  o.e.m.c.i.e.AbstractTransferListenerAdapter - Downloading https://repo.maven.apache.org/maven2/io/cucumber/cucumber-gherkin/7.25.0/cucumber-gherkin-7.25.0.jar
2025-07-17 09:27:54,939 [AetherRepositoryConnector-repo.maven.apache.org-0-2] INFO  o.e.m.c.i.e.AbstractTransferListenerAdapter - Downloaded https://repo.maven.apache.org/maven2/io/cucumber/cucumber-gherkin/7.25.0/cucumber-gherkin-7.25.0.jar
2025-07-17 09:27:55,020 [AetherRepositoryConnector-repo.maven.apache.org-0-3] INFO  o.e.m.c.i.e.AbstractTransferListenerAdapter - Downloaded https://repo.maven.apache.org/maven2/io/cucumber/cucumber-gherkin-messages/7.25.0/cucumber-gherkin-messages-7.25.0.jar
2025-07-17 09:27:55,201 [AetherRepositoryConnector-repo.maven.apache.org-0-4] INFO  o.e.m.c.i.e.AbstractTransferListenerAdapter - Downloaded https://repo.maven.apache.org/maven2/io/cucumber/gherkin/33.0.0/gherkin-33.0.0.jar
2025-07-17 09:27:55,239 [AetherRepositoryConnector-repo.maven.apache.org-0-2] INFO  o.e.m.c.i.e.AbstractTransferListenerAdapter - Downloading https://repo.maven.apache.org/maven2/io/cucumber/messages/28.0.0/messages-28.0.0.jar
2025-07-17 09:27:55,305 [AetherRepositoryConnector-repo.maven.apache.org-0-3] INFO  o.e.m.c.i.e.AbstractTransferListenerAdapter - Downloading https://repo.maven.apache.org/maven2/io/cucumber/pretty-formatter/0.3.0/pretty-formatter-0.3.0.jar
2025-07-17 09:27:55,430 [AetherRepositoryConnector-repo.maven.apache.org-0-4] INFO  o.e.m.c.i.e.AbstractTransferListenerAdapter - Downloading https://repo.maven.apache.org/maven2/io/cucumber/query/13.5.0/query-13.5.0.jar
2025-07-17 09:27:55,433 [AetherRepositoryConnector-repo.maven.apache.org-0-0] INFO  o.e.m.c.i.e.AbstractTransferListenerAdapter - Downloaded https://repo.maven.apache.org/maven2/io/cucumber/cucumber-java/7.25.0/cucumber-java-7.25.0.jar
2025-07-17 09:27:55,563 [AetherRepositoryConnector-repo.maven.apache.org-0-2] INFO  o.e.m.c.i.e.AbstractTransferListenerAdapter - Downloaded https://repo.maven.apache.org/maven2/io/cucumber/messages/28.0.0/messages-28.0.0.jar
2025-07-17 09:27:55,653 [AetherRepositoryConnector-repo.maven.apache.org-0-3] INFO  o.e.m.c.i.e.AbstractTransferListenerAdapter - Downloaded https://repo.maven.apache.org/maven2/io/cucumber/pretty-formatter/0.3.0/pretty-formatter-0.3.0.jar
2025-07-17 09:27:55,718 [AetherRepositoryConnector-repo.maven.apache.org-0-0] INFO  o.e.m.c.i.e.AbstractTransferListenerAdapter - Downloading https://repo.maven.apache.org/maven2/io/cucumber/testng-xml-formatter/0.4.0/testng-xml-formatter-0.4.0.jar
2025-07-17 09:27:55,895 [AetherRepositoryConnector-repo.maven.apache.org-0-2] INFO  o.e.m.c.i.e.AbstractTransferListenerAdapter - Downloading https://repo.maven.apache.org/maven2/io/cucumber/datatable/7.25.0/datatable-7.25.0.jar
2025-07-17 09:27:56,008 [AetherRepositoryConnector-repo.maven.apache.org-0-3] INFO  o.e.m.c.i.e.AbstractTransferListenerAdapter - Downloading https://repo.maven.apache.org/maven2/io/cucumber/cucumber-plugin/7.25.0/cucumber-plugin-7.25.0.jar
2025-07-17 09:27:56,059 [AetherRepositoryConnector-repo.maven.apache.org-0-2] INFO  o.e.m.c.i.e.AbstractTransferListenerAdapter - Downloaded https://repo.maven.apache.org/maven2/io/cucumber/datatable/7.25.0/datatable-7.25.0.jar
2025-07-17 09:27:56,070 [AetherRepositoryConnector-repo.maven.apache.org-0-3] INFO  o.e.m.c.i.e.AbstractTransferListenerAdapter - Downloaded https://repo.maven.apache.org/maven2/io/cucumber/cucumber-plugin/7.25.0/cucumber-plugin-7.25.0.jar
2025-07-17 09:27:56,078 [AetherRepositoryConnector-repo.maven.apache.org-0-2] INFO  o.e.m.c.i.e.AbstractTransferListenerAdapter - Downloading https://repo.maven.apache.org/maven2/io/cucumber/docstring/7.25.0/docstring-7.25.0.jar
2025-07-17 09:27:56,088 [AetherRepositoryConnector-repo.maven.apache.org-0-3] INFO  o.e.m.c.i.e.AbstractTransferListenerAdapter - Downloading https://repo.maven.apache.org/maven2/io/cucumber/html-formatter/21.13.0/html-formatter-21.13.0.jar
2025-07-17 09:27:56,096 [AetherRepositoryConnector-repo.maven.apache.org-0-4] INFO  o.e.m.c.i.e.AbstractTransferListenerAdapter - Downloaded https://repo.maven.apache.org/maven2/io/cucumber/query/13.5.0/query-13.5.0.jar
2025-07-17 09:27:56,107 [AetherRepositoryConnector-repo.maven.apache.org-0-0] INFO  o.e.m.c.i.e.AbstractTransferListenerAdapter - Downloaded https://repo.maven.apache.org/maven2/io/cucumber/testng-xml-formatter/0.4.0/testng-xml-formatter-0.4.0.jar
2025-07-17 09:27:56,163 [AetherRepositoryConnector-repo.maven.apache.org-0-2] INFO  o.e.m.c.i.e.AbstractTransferListenerAdapter - Downloaded https://repo.maven.apache.org/maven2/io/cucumber/docstring/7.25.0/docstring-7.25.0.jar
2025-07-17 09:27:56,164 [AetherRepositoryConnector-repo.maven.apache.org-0-4] INFO  o.e.m.c.i.e.AbstractTransferListenerAdapter - Downloading https://repo.maven.apache.org/maven2/io/cucumber/junit-xml-formatter/0.8.0/junit-xml-formatter-0.8.0.jar
2025-07-17 09:27:56,170 [AetherRepositoryConnector-repo.maven.apache.org-0-1] INFO  o.e.m.c.i.e.AbstractTransferListenerAdapter - Downloaded https://repo.maven.apache.org/maven2/io/cucumber/cucumber-core/7.25.0/cucumber-core-7.25.0.jar
2025-07-17 09:27:56,171 [AetherRepositoryConnector-repo.maven.apache.org-0-0] INFO  o.e.m.c.i.e.AbstractTransferListenerAdapter - Downloading https://repo.maven.apache.org/maven2/io/cucumber/cucumber-junit-platform-engine/7.25.0/cucumber-junit-platform-engine-7.25.0.jar
2025-07-17 09:27:56,202 [AetherRepositoryConnector-repo.maven.apache.org-0-2] INFO  o.e.m.c.i.e.AbstractTransferListenerAdapter - Downloading https://repo.maven.apache.org/maven2/org/junit/platform/junit-platform-engine/1.13.3/junit-platform-engine-1.13.3.jar
2025-07-17 09:27:56,204 [AetherRepositoryConnector-repo.maven.apache.org-0-3] INFO  o.e.m.c.i.e.AbstractTransferListenerAdapter - Downloaded https://repo.maven.apache.org/maven2/io/cucumber/html-formatter/21.13.0/html-formatter-21.13.0.jar
2025-07-17 09:27:56,280 [AetherRepositoryConnector-repo.maven.apache.org-0-4] INFO  o.e.m.c.i.e.AbstractTransferListenerAdapter - Downloaded https://repo.maven.apache.org/maven2/io/cucumber/junit-xml-formatter/0.8.0/junit-xml-formatter-0.8.0.jar
2025-07-17 09:27:56,283 [AetherRepositoryConnector-repo.maven.apache.org-0-1] INFO  o.e.m.c.i.e.AbstractTransferListenerAdapter - Downloading https://repo.maven.apache.org/maven2/org/junit/platform/junit-platform-commons/1.13.3/junit-platform-commons-1.13.3.jar
2025-07-17 09:27:56,334 [AetherRepositoryConnector-repo.maven.apache.org-0-0] INFO  o.e.m.c.i.e.AbstractTransferListenerAdapter - Downloaded https://repo.maven.apache.org/maven2/io/cucumber/cucumber-junit-platform-engine/7.25.0/cucumber-junit-platform-engine-7.25.0.jar
2025-07-17 09:27:56,335 [AetherRepositoryConnector-repo.maven.apache.org-0-3] INFO  o.e.m.c.i.e.AbstractTransferListenerAdapter - Downloading https://repo.maven.apache.org/maven2/org/junit/platform/junit-platform-suite/1.13.3/junit-platform-suite-1.13.3.jar
2025-07-17 09:27:56,338 [AetherRepositoryConnector-repo.maven.apache.org-0-4] INFO  o.e.m.c.i.e.AbstractTransferListenerAdapter - Downloading https://repo.maven.apache.org/maven2/org/junit/platform/junit-platform-suite-api/1.13.3/junit-platform-suite-api-1.13.3.jar
2025-07-17 09:27:56,343 [AetherRepositoryConnector-repo.maven.apache.org-0-2] INFO  o.e.m.c.i.e.AbstractTransferListenerAdapter - Downloaded https://repo.maven.apache.org/maven2/org/junit/platform/junit-platform-engine/1.13.3/junit-platform-engine-1.13.3.jar
2025-07-17 09:27:56,351 [AetherRepositoryConnector-repo.maven.apache.org-0-0] INFO  o.e.m.c.i.e.AbstractTransferListenerAdapter - Downloading https://repo.maven.apache.org/maven2/org/junit/platform/junit-platform-suite-engine/1.13.3/junit-platform-suite-engine-1.13.3.jar
2025-07-17 09:27:56,365 [AetherRepositoryConnector-repo.maven.apache.org-0-1] INFO  o.e.m.c.i.e.AbstractTransferListenerAdapter - Downloaded https://repo.maven.apache.org/maven2/org/junit/platform/junit-platform-commons/1.13.3/junit-platform-commons-1.13.3.jar
2025-07-17 09:27:56,378 [AetherRepositoryConnector-repo.maven.apache.org-0-3] INFO  o.e.m.c.i.e.AbstractTransferListenerAdapter - Downloaded https://repo.maven.apache.org/maven2/org/junit/platform/junit-platform-suite/1.13.3/junit-platform-suite-1.13.3.jar
2025-07-17 09:27:56,380 [AetherRepositoryConnector-repo.maven.apache.org-0-2] INFO  o.e.m.c.i.e.AbstractTransferListenerAdapter - Downloading https://repo.maven.apache.org/maven2/org/junit/platform/junit-platform-suite-commons/1.13.3/junit-platform-suite-commons-1.13.3.jar
2025-07-17 09:27:56,444 [AetherRepositoryConnector-repo.maven.apache.org-0-1] INFO  o.e.m.c.i.e.AbstractTransferListenerAdapter - Downloading https://repo.maven.apache.org/maven2/org/junit/platform/junit-platform-launcher/1.13.3/junit-platform-launcher-1.13.3.jar
2025-07-17 09:27:56,445 [AetherRepositoryConnector-repo.maven.apache.org-0-4] INFO  o.e.m.c.i.e.AbstractTransferListenerAdapter - Downloaded https://repo.maven.apache.org/maven2/org/junit/platform/junit-platform-suite-api/1.13.3/junit-platform-suite-api-1.13.3.jar
2025-07-17 09:27:56,473 [AetherRepositoryConnector-repo.maven.apache.org-0-0] INFO  o.e.m.c.i.e.AbstractTransferListenerAdapter - Downloaded https://repo.maven.apache.org/maven2/org/junit/platform/junit-platform-suite-engine/1.13.3/junit-platform-suite-engine-1.13.3.jar
2025-07-17 09:27:56,477 [AetherRepositoryConnector-repo.maven.apache.org-0-2] INFO  o.e.m.c.i.e.AbstractTransferListenerAdapter - Downloaded https://repo.maven.apache.org/maven2/org/junit/platform/junit-platform-suite-commons/1.13.3/junit-platform-suite-commons-1.13.3.jar
2025-07-17 09:27:56,490 [AetherRepositoryConnector-repo.maven.apache.org-0-1] INFO  o.e.m.c.i.e.AbstractTransferListenerAdapter - Downloaded https://repo.maven.apache.org/maven2/org/junit/platform/junit-platform-launcher/1.13.3/junit-platform-launcher-1.13.3.jar
2025-07-17 09:28:01,539 [Worker-3: Creating cucumber-archetype] INFO  o.e.m.c.i.l.LifecycleMappingFactory - Using org.eclipse.m2e.jdt.JarLifecycleMapping lifecycle mapping for MavenProject: MyMavenProject:MyMavenProject:0.0.1-SNAPSHOT @ D:\AViIT\Demos\Selenium_11\MyMavenProject\pom.xml.
2025-07-17 09:28:05,286 [Worker-4: Download sources and javadoc] INFO  o.e.m.c.i.e.AbstractTransferListenerAdapter - Downloading https://repo.maven.apache.org/maven2/io/cucumber/cucumber-java/7.25.0/cucumber-java-7.25.0-sources.jar
2025-07-17 09:28:05,617 [Worker-3: Creating cucumber-archetype] INFO  o.e.m.j.i.AbstractJavaProjectConfigurator - Adding source folder /MyCucumberProject/src/main/java
2025-07-17 09:28:05,660 [Worker-3: Creating cucumber-archetype] INFO  o.e.m.j.i.AbstractJavaProjectConfigurator - Adding source folder /MyCucumberProject/src/test/java
2025-07-17 09:28:05,661 [Worker-3: Creating cucumber-archetype] INFO  o.e.m.j.i.AbstractJavaProjectConfigurator - Adding resource folder /MyCucumberProject/src/test/resources
2025-07-17 09:28:05,791 [Worker-4: Download sources and javadoc] INFO  o.e.m.c.i.e.AbstractTransferListenerAdapter - Downloaded https://repo.maven.apache.org/maven2/io/cucumber/cucumber-java/7.25.0/cucumber-java-7.25.0-sources.jar
2025-07-17 09:28:05,994 [Worker-4: Download sources and javadoc] INFO  o.e.m.j.internal.DownloadSourcesJob - Downloaded sources for io.cucumber:cucumber-java:7.25.0
2025-07-17 09:28:06,086 [Worker-4: Download sources and javadoc] INFO  o.e.m.c.i.e.AbstractTransferListenerAdapter - Downloading https://repo.maven.apache.org/maven2/io/cucumber/cucumber-core/7.25.0/cucumber-core-7.25.0-sources.jar
2025-07-17 09:28:06,508 [Worker-4: Download sources and javadoc] INFO  o.e.m.c.i.e.AbstractTransferListenerAdapter - Downloaded https://repo.maven.apache.org/maven2/io/cucumber/cucumber-core/7.25.0/cucumber-core-7.25.0-sources.jar
2025-07-17 09:28:06,583 [Worker-4: Download sources and javadoc] INFO  o.e.m.j.internal.DownloadSourcesJob - Downloaded sources for io.cucumber:cucumber-core:7.25.0
2025-07-17 09:28:06,656 [Worker-4: Download sources and javadoc] INFO  o.e.m.c.i.e.AbstractTransferListenerAdapter - Downloading https://repo.maven.apache.org/maven2/io/cucumber/cucumber-gherkin/7.25.0/cucumber-gherkin-7.25.0-sources.jar
2025-07-17 09:28:06,697 [Worker-3: Creating cucumber-archetype] INFO  o.e.m.c.i.p.ProjectConfigurationManager - Imported and configured 1 project(s) in 21 sec
2025-07-17 09:28:06,988 [Worker-4: Download sources and javadoc] INFO  o.e.m.c.i.e.AbstractTransferListenerAdapter - Downloaded https://repo.maven.apache.org/maven2/io/cucumber/cucumber-gherkin/7.25.0/cucumber-gherkin-7.25.0-sources.jar
2025-07-17 09:28:07,370 [Worker-4: Download sources and javadoc] INFO  o.e.m.j.internal.DownloadSourcesJob - Downloaded sources for io.cucumber:cucumber-gherkin:7.25.0
2025-07-17 09:28:08,034 [Worker-4: Download sources and javadoc] INFO  o.e.m.c.i.e.AbstractTransferListenerAdapter - Downloading https://repo.maven.apache.org/maven2/io/cucumber/cucumber-gherkin-messages/7.25.0/cucumber-gherkin-messages-7.25.0-sources.jar
2025-07-17 09:28:08,451 [Worker-4: Download sources and javadoc] INFO  o.e.m.c.i.e.AbstractTransferListenerAdapter - Downloaded https://repo.maven.apache.org/maven2/io/cucumber/cucumber-gherkin-messages/7.25.0/cucumber-gherkin-messages-7.25.0-sources.jar
2025-07-17 09:28:09,112 [Worker-4: Download sources and javadoc] INFO  o.e.m.j.internal.DownloadSourcesJob - Downloaded sources for io.cucumber:cucumber-gherkin-messages:7.25.0
2025-07-17 09:28:09,338 [Worker-4: Download sources and javadoc] INFO  o.e.m.c.i.e.AbstractTransferListenerAdapter - Downloading https://repo.maven.apache.org/maven2/io/cucumber/gherkin/33.0.0/gherkin-33.0.0-sources.jar
2025-07-17 09:28:09,428 [Worker-4: Download sources and javadoc] INFO  o.e.m.c.i.e.AbstractTransferListenerAdapter - Downloaded https://repo.maven.apache.org/maven2/io/cucumber/gherkin/33.0.0/gherkin-33.0.0-sources.jar
2025-07-17 09:28:09,657 [Worker-4: Download sources and javadoc] INFO  o.e.m.j.internal.DownloadSourcesJob - Downloaded sources for io.cucumber:gherkin:33.0.0
2025-07-17 09:28:09,761 [Worker-4: Download sources and javadoc] INFO  o.e.m.c.i.e.AbstractTransferListenerAdapter - Downloading https://repo.maven.apache.org/maven2/io/cucumber/messages/28.0.0/messages-28.0.0-sources.jar
2025-07-17 09:28:09,806 [Worker-4: Download sources and javadoc] INFO  o.e.m.c.i.e.AbstractTransferListenerAdapter - Downloaded https://repo.maven.apache.org/maven2/io/cucumber/messages/28.0.0/messages-28.0.0-sources.jar
2025-07-17 09:28:09,913 [Worker-4: Download sources and javadoc] INFO  o.e.m.j.internal.DownloadSourcesJob - Downloaded sources for io.cucumber:messages:28.0.0
2025-07-17 09:28:10,058 [Worker-4: Download sources and javadoc] INFO  o.e.m.c.i.e.AbstractTransferListenerAdapter - Downloading https://repo.maven.apache.org/maven2/io/cucumber/pretty-formatter/0.3.0/pretty-formatter-0.3.0-sources.jar
2025-07-17 09:28:10,144 [Worker-4: Download sources and javadoc] INFO  o.e.m.c.i.e.AbstractTransferListenerAdapter - Downloaded https://repo.maven.apache.org/maven2/io/cucumber/pretty-formatter/0.3.0/pretty-formatter-0.3.0-sources.jar
2025-07-17 09:28:10,388 [Worker-4: Download sources and javadoc] INFO  o.e.m.j.internal.DownloadSourcesJob - Downloaded sources for io.cucumber:pretty-formatter:0.3.0
2025-07-17 09:28:10,736 [Worker-3: Building] INFO  o.e.m.c.i.embedder.EclipseLogger - Using 'UTF-8' encoding to copy filtered resources.
2025-07-17 09:28:10,738 [Worker-3: Building] INFO  o.e.m.c.i.embedder.EclipseLogger - skip non existing resourceDirectory D:\AViIT\Demos\Selenium_11\MyCucumberProject\src\main\resources
2025-07-17 09:28:10,740 [Worker-3: Building] INFO  o.e.m.c.i.embedder.EclipseLogger - Using 'UTF-8' encoding to copy filtered resources.
2025-07-17 09:28:10,747 [Worker-3: Building] INFO  o.e.m.c.i.embedder.EclipseLogger - Copying 1 resource
2025-07-17 09:28:10,945 [Worker-4: Download sources and javadoc] INFO  o.e.m.c.i.e.AbstractTransferListenerAdapter - Downloading https://repo.maven.apache.org/maven2/io/cucumber/query/13.5.0/query-13.5.0-sources.jar
2025-07-17 09:28:10,964 [Worker-4: Download sources and javadoc] INFO  o.e.m.c.i.e.AbstractTransferListenerAdapter - Downloaded https://repo.maven.apache.org/maven2/io/cucumber/query/13.5.0/query-13.5.0-sources.jar
2025-07-17 09:28:11,166 [Worker-4: Download sources and javadoc] INFO  o.e.m.j.internal.DownloadSourcesJob - Downloaded sources for io.cucumber:query:13.5.0
2025-07-17 09:28:11,767 [Worker-4: Download sources and javadoc] INFO  o.e.m.c.i.e.AbstractTransferListenerAdapter - Downloading https://repo.maven.apache.org/maven2/io/cucumber/testng-xml-formatter/0.4.0/testng-xml-formatter-0.4.0-sources.jar
2025-07-17 09:28:12,038 [Worker-4: Download sources and javadoc] INFO  o.e.m.c.i.e.AbstractTransferListenerAdapter - Downloaded https://repo.maven.apache.org/maven2/io/cucumber/testng-xml-formatter/0.4.0/testng-xml-formatter-0.4.0-sources.jar
2025-07-17 09:28:12,926 [Worker-4: Download sources and javadoc] INFO  o.e.m.j.internal.DownloadSourcesJob - Downloaded sources for io.cucumber:testng-xml-formatter:0.4.0
2025-07-17 09:28:13,409 [Worker-4: Download sources and javadoc] INFO  o.e.m.c.i.e.AbstractTransferListenerAdapter - Downloading https://repo.maven.apache.org/maven2/io/cucumber/datatable/7.25.0/datatable-7.25.0-sources.jar
2025-07-17 09:28:13,415 [Worker-3: Building] INFO  o.a.m.s.f.DefaultMavenResourcesFiltering - skip non existing resourceDirectory D:\AViIT\Demos\Selenium_11\MyMavenProject\src\main\resources
2025-07-17 09:28:13,450 [Worker-3: Building] INFO  o.a.m.s.f.DefaultMavenResourcesFiltering - skip non existing resourceDirectory D:\AViIT\Demos\Selenium_11\MyMavenProject\src\test\resources
2025-07-17 09:28:13,776 [Worker-4: Download sources and javadoc] INFO  o.e.m.c.i.e.AbstractTransferListenerAdapter - Downloaded https://repo.maven.apache.org/maven2/io/cucumber/datatable/7.25.0/datatable-7.25.0-sources.jar
2025-07-17 09:28:13,894 [Worker-4: Download sources and javadoc] INFO  o.e.m.j.internal.DownloadSourcesJob - Downloaded sources for io.cucumber:datatable:7.25.0
2025-07-17 09:28:13,987 [Worker-4: Download sources and javadoc] INFO  o.e.m.c.i.e.AbstractTransferListenerAdapter - Downloading https://repo.maven.apache.org/maven2/io/cucumber/cucumber-plugin/7.25.0/cucumber-plugin-7.25.0-sources.jar
2025-07-17 09:28:14,360 [Worker-4: Download sources and javadoc] INFO  o.e.m.c.i.e.AbstractTransferListenerAdapter - Downloaded https://repo.maven.apache.org/maven2/io/cucumber/cucumber-plugin/7.25.0/cucumber-plugin-7.25.0-sources.jar
2025-07-17 09:28:14,422 [Worker-4: Download sources and javadoc] INFO  o.e.m.j.internal.DownloadSourcesJob - Downloaded sources for io.cucumber:cucumber-plugin:7.25.0
2025-07-17 09:28:14,510 [Worker-4: Download sources and javadoc] INFO  o.e.m.c.i.e.AbstractTransferListenerAdapter - Downloading https://repo.maven.apache.org/maven2/io/cucumber/docstring/7.25.0/docstring-7.25.0-sources.jar
2025-07-17 09:28:14,866 [Worker-4: Download sources and javadoc] INFO  o.e.m.c.i.e.AbstractTransferListenerAdapter - Downloaded https://repo.maven.apache.org/maven2/io/cucumber/docstring/7.25.0/docstring-7.25.0-sources.jar
2025-07-17 09:28:15,009 [Worker-4: Download sources and javadoc] INFO  o.e.m.j.internal.DownloadSourcesJob - Downloaded sources for io.cucumber:docstring:7.25.0
2025-07-17 09:28:15,100 [Worker-4: Download sources and javadoc] INFO  o.e.m.c.i.e.AbstractTransferListenerAdapter - Downloading https://repo.maven.apache.org/maven2/io/cucumber/html-formatter/21.13.0/html-formatter-21.13.0-sources.jar
2025-07-17 09:28:15,188 [Worker-4: Download sources and javadoc] INFO  o.e.m.c.i.e.AbstractTransferListenerAdapter - Downloaded https://repo.maven.apache.org/maven2/io/cucumber/html-formatter/21.13.0/html-formatter-21.13.0-sources.jar
2025-07-17 09:28:15,281 [Worker-4: Download sources and javadoc] INFO  o.e.m.j.internal.DownloadSourcesJob - Downloaded sources for io.cucumber:html-formatter:21.13.0
2025-07-17 09:28:15,351 [Worker-4: Download sources and javadoc] INFO  o.e.m.c.i.e.AbstractTransferListenerAdapter - Downloading https://repo.maven.apache.org/maven2/io/cucumber/junit-xml-formatter/0.8.0/junit-xml-formatter-0.8.0-sources.jar
2025-07-17 09:28:15,375 [Worker-4: Download sources and javadoc] INFO  o.e.m.c.i.e.AbstractTransferListenerAdapter - Downloaded https://repo.maven.apache.org/maven2/io/cucumber/junit-xml-formatter/0.8.0/junit-xml-formatter-0.8.0-sources.jar
2025-07-17 09:28:15,488 [Worker-4: Download sources and javadoc] INFO  o.e.m.j.internal.DownloadSourcesJob - Downloaded sources for io.cucumber:junit-xml-formatter:0.8.0
2025-07-17 09:28:15,619 [Worker-4: Download sources and javadoc] INFO  o.e.m.c.i.e.AbstractTransferListenerAdapter - Downloading https://repo.maven.apache.org/maven2/io/cucumber/cucumber-junit-platform-engine/7.25.0/cucumber-junit-platform-engine-7.25.0-sources.jar
2025-07-17 09:28:15,959 [Worker-4: Download sources and javadoc] INFO  o.e.m.c.i.e.AbstractTransferListenerAdapter - Downloaded https://repo.maven.apache.org/maven2/io/cucumber/cucumber-junit-platform-engine/7.25.0/cucumber-junit-platform-engine-7.25.0-sources.jar
2025-07-17 09:28:16,131 [Worker-4: Download sources and javadoc] INFO  o.e.m.j.internal.DownloadSourcesJob - Downloaded sources for io.cucumber:cucumber-junit-platform-engine:7.25.0
2025-07-17 09:28:16,280 [Worker-4: Download sources and javadoc] INFO  o.e.m.c.i.e.AbstractTransferListenerAdapter - Downloading https://repo.maven.apache.org/maven2/org/junit/platform/junit-platform-engine/1.13.3/junit-platform-engine-1.13.3-sources.jar
2025-07-17 09:28:16,369 [Worker-4: Download sources and javadoc] INFO  o.e.m.c.i.e.AbstractTransferListenerAdapter - Downloaded https://repo.maven.apache.org/maven2/org/junit/platform/junit-platform-engine/1.13.3/junit-platform-engine-1.13.3-sources.jar
2025-07-17 09:28:16,474 [Worker-4: Download sources and javadoc] INFO  o.e.m.j.internal.DownloadSourcesJob - Downloaded sources for org.junit.platform:junit-platform-engine:1.13.3
2025-07-17 09:28:16,633 [Worker-4: Download sources and javadoc] INFO  o.e.m.c.i.e.AbstractTransferListenerAdapter - Downloading https://repo.maven.apache.org/maven2/org/junit/platform/junit-platform-commons/1.13.3/junit-platform-commons-1.13.3-sources.jar
2025-07-17 09:28:16,704 [Worker-4: Download sources and javadoc] INFO  o.e.m.c.i.e.AbstractTransferListenerAdapter - Downloaded https://repo.maven.apache.org/maven2/org/junit/platform/junit-platform-commons/1.13.3/junit-platform-commons-1.13.3-sources.jar
2025-07-17 09:28:16,905 [Worker-4: Download sources and javadoc] INFO  o.e.m.j.internal.DownloadSourcesJob - Downloaded sources for org.junit.platform:junit-platform-commons:1.13.3
2025-07-17 09:28:17,060 [Worker-4: Download sources and javadoc] INFO  o.e.m.c.i.e.AbstractTransferListenerAdapter - Downloading https://repo.maven.apache.org/maven2/org/junit/platform/junit-platform-suite/1.13.3/junit-platform-suite-1.13.3-sources.jar
2025-07-17 09:28:17,091 [Worker-4: Download sources and javadoc] INFO  o.e.m.c.i.e.AbstractTransferListenerAdapter - Downloaded https://repo.maven.apache.org/maven2/org/junit/platform/junit-platform-suite/1.13.3/junit-platform-suite-1.13.3-sources.jar
2025-07-17 09:28:17,329 [Worker-4: Download sources and javadoc] INFO  o.e.m.j.internal.DownloadSourcesJob - Downloaded sources for org.junit.platform:junit-platform-suite:1.13.3
2025-07-17 09:28:17,498 [Worker-4: Download sources and javadoc] INFO  o.e.m.c.i.e.AbstractTransferListenerAdapter - Downloading https://repo.maven.apache.org/maven2/org/junit/platform/junit-platform-suite-api/1.13.3/junit-platform-suite-api-1.13.3-sources.jar
2025-07-17 09:28:17,859 [Worker-4: Download sources and javadoc] INFO  o.e.m.c.i.e.AbstractTransferListenerAdapter - Downloaded https://repo.maven.apache.org/maven2/org/junit/platform/junit-platform-suite-api/1.13.3/junit-platform-suite-api-1.13.3-sources.jar
2025-07-17 09:28:18,020 [Worker-4: Download sources and javadoc] INFO  o.e.m.j.internal.DownloadSourcesJob - Downloaded sources for org.junit.platform:junit-platform-suite-api:1.13.3
2025-07-17 09:28:18,187 [Worker-4: Download sources and javadoc] INFO  o.e.m.c.i.e.AbstractTransferListenerAdapter - Downloading https://repo.maven.apache.org/maven2/org/junit/platform/junit-platform-suite-engine/1.13.3/junit-platform-suite-engine-1.13.3-sources.jar
2025-07-17 09:28:18,554 [Worker-4: Download sources and javadoc] INFO  o.e.m.c.i.e.AbstractTransferListenerAdapter - Downloaded https://repo.maven.apache.org/maven2/org/junit/platform/junit-platform-suite-engine/1.13.3/junit-platform-suite-engine-1.13.3-sources.jar
2025-07-17 09:28:19,046 [Worker-4: Download sources and javadoc] INFO  o.e.m.j.internal.DownloadSourcesJob - Downloaded sources for org.junit.platform:junit-platform-suite-engine:1.13.3
2025-07-17 09:28:19,562 [Worker-4: Download sources and javadoc] INFO  o.e.m.c.i.e.AbstractTransferListenerAdapter - Downloading https://repo.maven.apache.org/maven2/org/junit/platform/junit-platform-suite-commons/1.13.3/junit-platform-suite-commons-1.13.3-sources.jar
2025-07-17 09:28:19,591 [Worker-4: Download sources and javadoc] INFO  o.e.m.c.i.e.AbstractTransferListenerAdapter - Downloaded https://repo.maven.apache.org/maven2/org/junit/platform/junit-platform-suite-commons/1.13.3/junit-platform-suite-commons-1.13.3-sources.jar
2025-07-17 09:28:19,976 [Worker-4: Download sources and javadoc] INFO  o.e.m.j.internal.DownloadSourcesJob - Downloaded sources for org.junit.platform:junit-platform-suite-commons:1.13.3
2025-07-17 09:28:20,064 [Worker-4: Download sources and javadoc] INFO  o.e.m.c.i.e.AbstractTransferListenerAdapter - Downloading https://repo.maven.apache.org/maven2/org/junit/platform/junit-platform-launcher/1.13.3/junit-platform-launcher-1.13.3-sources.jar
2025-07-17 09:28:20,185 [Worker-4: Download sources and javadoc] INFO  o.e.m.c.i.e.AbstractTransferListenerAdapter - Downloaded https://repo.maven.apache.org/maven2/org/junit/platform/junit-platform-launcher/1.13.3/junit-platform-launcher-1.13.3-sources.jar
2025-07-17 09:28:20,329 [Worker-4: Download sources and javadoc] INFO  o.e.m.j.internal.DownloadSourcesJob - Downloaded sources for org.junit.platform:junit-platform-launcher:1.13.3
2025-07-17 09:28:20,994 [Worker-3: Building] INFO  o.e.m.c.i.embedder.EclipseLogger - Using 'UTF-8' encoding to copy filtered resources.
2025-07-17 09:28:20,994 [Worker-3: Building] INFO  o.e.m.c.i.embedder.EclipseLogger - skip non existing resourceDirectory D:\AViIT\Demos\Selenium_11\MyCucumberProject\src\main\resources
2025-07-17 09:28:20,998 [Worker-3: Building] INFO  o.e.m.c.i.embedder.EclipseLogger - Using 'UTF-8' encoding to copy filtered resources.
2025-07-17 09:28:21,004 [Worker-3: Building] INFO  o.e.m.c.i.embedder.EclipseLogger - Copying 0 resource
2025-07-17 09:49:01,099 [Worker-17: Building] INFO  o.e.m.c.i.l.LifecycleMappingFactory - Using org.eclipse.m2e.jdt.JarLifecycleMapping lifecycle mapping for MavenProject: MyCucumberProject:MyCucumberProject:0.0.1-SNAPSHOT @ D:\AViIT\Demos\Selenium_11\MyCucumberProject\pom.xml.
2025-07-17 09:49:03,468 [Worker-16: Building] INFO  o.e.m.c.i.embedder.EclipseLogger - Using 'UTF-8' encoding to copy filtered resources.
2025-07-17 09:49:03,469 [Worker-16: Building] INFO  o.e.m.c.i.embedder.EclipseLogger - skip non existing resourceDirectory D:\AViIT\Demos\Selenium_11\MyCucumberProject\src\main\resources
2025-07-17 09:49:03,471 [Worker-16: Building] INFO  o.e.m.c.i.embedder.EclipseLogger - Using 'UTF-8' encoding to copy filtered resources.
2025-07-17 09:49:03,473 [Worker-16: Building] INFO  o.e.m.c.i.embedder.EclipseLogger - Copying 1 resource
2025-07-17 09:51:52,012 [Worker-14: Building] INFO  o.e.m.c.i.l.LifecycleMappingFactory - Using org.eclipse.m2e.jdt.JarLifecycleMapping lifecycle mapping for MavenProject: MyCucumberProject:MyCucumberProject:0.0.1-SNAPSHOT @ D:\AViIT\Demos\Selenium_11\MyCucumberProject\pom.xml.
2025-07-17 09:51:52,941 [Worker-14: Building] INFO  o.e.m.c.i.embedder.EclipseLogger - Using 'UTF-8' encoding to copy filtered resources.
2025-07-17 09:51:52,942 [Worker-14: Building] INFO  o.e.m.c.i.embedder.EclipseLogger - skip non existing resourceDirectory D:\AViIT\Demos\Selenium_11\MyCucumberProject\src\main\resources
2025-07-17 09:51:52,944 [Worker-14: Building] INFO  o.e.m.c.i.embedder.EclipseLogger - Using 'UTF-8' encoding to copy filtered resources.
2025-07-17 09:51:52,945 [Worker-14: Building] INFO  o.e.m.c.i.embedder.EclipseLogger - Copying 0 resource
2025-07-17 09:51:54,212 [Worker-17: Building] INFO  o.e.m.c.i.embedder.EclipseLogger - Using 'UTF-8' encoding to copy filtered resources.
2025-07-17 09:51:54,212 [Worker-17: Building] INFO  o.e.m.c.i.embedder.EclipseLogger - skip non existing resourceDirectory D:\AViIT\Demos\Selenium_11\MyCucumberProject\src\main\resources
2025-07-17 09:51:54,214 [Worker-17: Building] INFO  o.e.m.c.i.embedder.EclipseLogger - Using 'UTF-8' encoding to copy filtered resources.
2025-07-17 09:51:54,215 [Worker-17: Building] INFO  o.e.m.c.i.embedder.EclipseLogger - Copying 1 resource
2025-07-17 09:52:23,480 [Worker-14: Building] INFO  o.e.m.c.i.l.LifecycleMappingFactory - Using org.eclipse.m2e.jdt.JarLifecycleMapping lifecycle mapping for MavenProject: MyCucumberProject:MyCucumberProject:0.0.1-SNAPSHOT @ D:\AViIT\Demos\Selenium_11\MyCucumberProject\pom.xml.
2025-07-17 09:52:23,963 [Worker-14: Building] INFO  o.e.m.c.i.embedder.EclipseLogger - Using 'UTF-8' encoding to copy filtered resources.
2025-07-17 09:52:23,963 [Worker-14: Building] INFO  o.e.m.c.i.embedder.EclipseLogger - skip non existing resourceDirectory D:\AViIT\Demos\Selenium_11\MyCucumberProject\src\main\resources
2025-07-17 09:52:23,966 [Worker-14: Building] INFO  o.e.m.c.i.embedder.EclipseLogger - Using 'UTF-8' encoding to copy filtered resources.
2025-07-17 09:52:23,967 [Worker-14: Building] INFO  o.e.m.c.i.embedder.EclipseLogger - Copying 0 resource
2025-07-17 09:52:28,437 [Worker-14: Building] INFO  o.e.m.c.i.embedder.EclipseLogger - Using 'UTF-8' encoding to copy filtered resources.
2025-07-17 09:52:28,438 [Worker-14: Building] INFO  o.e.m.c.i.embedder.EclipseLogger - skip non existing resourceDirectory D:\AViIT\Demos\Selenium_11\MyCucumberProject\src\main\resources
2025-07-17 09:52:28,439 [Worker-14: Building] INFO  o.e.m.c.i.embedder.EclipseLogger - Using 'UTF-8' encoding to copy filtered resources.
2025-07-17 09:52:28,441 [Worker-14: Building] INFO  o.e.m.c.i.embedder.EclipseLogger - Copying 1 resource
2025-07-17 10:10:03,954 [Worker-19: Building] INFO  o.e.m.c.i.embedder.EclipseLogger - Using 'UTF-8' encoding to copy filtered resources.
2025-07-17 10:10:03,954 [Worker-19: Building] INFO  o.e.m.c.i.embedder.EclipseLogger - skip non existing resourceDirectory D:\AViIT\Demos\Selenium_11\MyCucumberProject\src\main\resources
2025-07-17 10:10:03,955 [Worker-19: Building] INFO  o.e.m.c.i.embedder.EclipseLogger - Using 'UTF-8' encoding to copy filtered resources.
2025-07-17 10:10:03,957 [Worker-19: Building] INFO  o.e.m.c.i.embedder.EclipseLogger - Copying 1 resource
2025-07-17 10:11:41,713 [Worker-14: Building] INFO  o.e.m.c.i.embedder.EclipseLogger - Using 'UTF-8' encoding to copy filtered resources.
2025-07-17 10:11:41,713 [Worker-14: Building] INFO  o.e.m.c.i.embedder.EclipseLogger - skip non existing resourceDirectory D:\AViIT\Demos\Selenium_11\MyCucumberProject\src\main\resources
2025-07-17 10:11:41,715 [Worker-14: Building] INFO  o.e.m.c.i.embedder.EclipseLogger - Using 'UTF-8' encoding to copy filtered resources.
2025-07-17 10:11:41,716 [Worker-14: Building] INFO  o.e.m.c.i.embedder.EclipseLogger - Copying 1 resource
2025-07-17 15:25:06,139 [Worker-23: Building] INFO  o.a.m.s.f.DefaultMavenResourcesFiltering - skip non existing resourceDirectory D:\AViIT\Demos\Selenium_11\MyMavenProject\src\main\resources
2025-07-17 15:25:06,141 [Worker-23: Building] INFO  o.a.m.s.f.DefaultMavenResourcesFiltering - skip non existing resourceDirectory D:\AViIT\Demos\Selenium_11\MyMavenProject\src\test\resources
2025-07-17 15:25:35,981 [Worker-14: Launching Demo] INFO  o.a.m.s.f.DefaultMavenResourcesFiltering - skip non existing resourceDirectory D:\AViIT\Demos\Selenium_11\MyMavenProject\src\main\resources
2025-07-17 15:25:35,983 [Worker-14: Launching Demo] INFO  o.a.m.s.f.DefaultMavenResourcesFiltering - skip non existing resourceDirectory D:\AViIT\Demos\Selenium_11\MyMavenProject\src\test\resources
2025-07-17 15:26:58,675 [Worker-23: Building] INFO  o.a.m.s.f.DefaultMavenResourcesFiltering - skip non existing resourceDirectory D:\AViIT\Demos\Selenium_11\MyMavenProject\src\main\resources
2025-07-17 15:26:58,677 [Worker-23: Building] INFO  o.a.m.s.f.DefaultMavenResourcesFiltering - skip non existing resourceDirectory D:\AViIT\Demos\Selenium_11\MyMavenProject\src\test\resources
2025-07-17 15:27:13,044 [Worker-26: Building] INFO  o.a.m.s.f.DefaultMavenResourcesFiltering - skip non existing resourceDirectory D:\AViIT\Demos\Selenium_11\MyMavenProject\src\main\resources
2025-07-17 15:27:13,046 [Worker-26: Building] INFO  o.a.m.s.f.DefaultMavenResourcesFiltering - skip non existing resourceDirectory D:\AViIT\Demos\Selenium_11\MyMavenProject\src\test\resources
2025-07-17 15:28:12,559 [Worker-14: Building] INFO  o.a.m.s.f.DefaultMavenResourcesFiltering - skip non existing resourceDirectory D:\AViIT\Demos\Selenium_11\MyMavenProject\src\main\resources
2025-07-17 15:28:12,561 [Worker-14: Building] INFO  o.a.m.s.f.DefaultMavenResourcesFiltering - skip non existing resourceDirectory D:\AViIT\Demos\Selenium_11\MyMavenProject\src\test\resources
2025-07-17 17:19:53,413 [Worker-25: Building] INFO  o.a.m.s.f.DefaultMavenResourcesFiltering - skip non existing resourceDirectory D:\AViIT\Demos\Selenium_11\MyMavenProject\src\main\resources
2025-07-17 17:19:53,416 [Worker-25: Building] INFO  o.a.m.s.f.DefaultMavenResourcesFiltering - skip non existing resourceDirectory D:\AViIT\Demos\Selenium_11\MyMavenProject\src\test\resources
2025-07-17 17:21:03,535 [Worker-4: Loading available Gradle versions] INFO  o.e.b.c.i.u.g.PublishedGradleVersions - Gradle version information cache is up-to-date. Trying to read.
2025-07-17 17:21:05,006 [Worker-3: Building] INFO  o.a.m.s.f.DefaultMavenResourcesFiltering - skip non existing resourceDirectory D:\AViIT\Demos\Selenium_11\MyMavenProject\src\main\resources
2025-07-17 17:21:05,010 [Worker-3: Building] INFO  o.a.m.s.f.DefaultMavenResourcesFiltering - skip non existing resourceDirectory D:\AViIT\Demos\Selenium_11\MyMavenProject\src\test\resources
2025-07-18 08:36:58,515 [Worker-8: Loading available Gradle versions] INFO  o.e.b.c.i.u.g.PublishedGradleVersions - Gradle version information cache is up-to-date. Trying to read.
2025-07-18 08:38:24,900 [Worker-14: Building] INFO  o.e.m.c.i.embedder.EclipseLogger - Using 'UTF-8' encoding to copy filtered resources.
2025-07-18 08:38:24,900 [Worker-14: Building] INFO  o.e.m.c.i.embedder.EclipseLogger - skip non existing resourceDirectory D:\AViIT\Demos\Selenium_11\MyCucumberProject\src\main\resources
2025-07-18 08:38:24,903 [Worker-14: Building] INFO  o.e.m.c.i.embedder.EclipseLogger - Using 'UTF-8' encoding to copy filtered resources.
2025-07-18 08:38:24,913 [Worker-14: Building] INFO  o.e.m.c.i.embedder.EclipseLogger - Copying 2 resources
2025-07-18 08:39:22,720 [Worker-14: Building] INFO  o.e.m.c.i.embedder.EclipseLogger - Using 'UTF-8' encoding to copy filtered resources.
2025-07-18 08:39:22,720 [Worker-14: Building] INFO  o.e.m.c.i.embedder.EclipseLogger - skip non existing resourceDirectory D:\AViIT\Demos\Selenium_11\MyCucumberProject\src\main\resources
2025-07-18 08:39:22,722 [Worker-14: Building] INFO  o.e.m.c.i.embedder.EclipseLogger - Using 'UTF-8' encoding to copy filtered resources.
2025-07-18 08:39:22,726 [Worker-14: Building] INFO  o.e.m.c.i.embedder.EclipseLogger - Copying 2 resources
2025-07-18 08:40:16,759 [Worker-14: Building] INFO  o.e.m.c.i.embedder.EclipseLogger - Using 'UTF-8' encoding to copy filtered resources.
2025-07-18 08:40:16,759 [Worker-14: Building] INFO  o.e.m.c.i.embedder.EclipseLogger - skip non existing resourceDirectory D:\AViIT\Demos\Selenium_11\MyCucumberProject\src\main\resources
2025-07-18 08:40:16,763 [Worker-14: Building] INFO  o.e.m.c.i.embedder.EclipseLogger - Using 'UTF-8' encoding to copy filtered resources.
2025-07-18 08:40:16,764 [Worker-14: Building] INFO  o.e.m.c.i.embedder.EclipseLogger - Copying 2 resources
2025-07-18 08:40:56,314 [Worker-14: Building] INFO  o.e.m.c.i.embedder.EclipseLogger - Using 'UTF-8' encoding to copy filtered resources.
2025-07-18 08:40:56,314 [Worker-14: Building] INFO  o.e.m.c.i.embedder.EclipseLogger - skip non existing resourceDirectory D:\AViIT\Demos\Selenium_11\MyCucumberProject\src\main\resources
2025-07-18 08:40:56,316 [Worker-14: Building] INFO  o.e.m.c.i.embedder.EclipseLogger - Using 'UTF-8' encoding to copy filtered resources.
2025-07-18 08:40:56,317 [Worker-14: Building] INFO  o.e.m.c.i.embedder.EclipseLogger - Copying 2 resources
2025-07-18 08:41:47,980 [Worker-15: Building] INFO  o.e.m.c.i.embedder.EclipseLogger - Using 'UTF-8' encoding to copy filtered resources.
2025-07-18 08:41:47,980 [Worker-15: Building] INFO  o.e.m.c.i.embedder.EclipseLogger - skip non existing resourceDirectory D:\AViIT\Demos\Selenium_11\MyCucumberProject\src\main\resources
2025-07-18 08:41:47,983 [Worker-15: Building] INFO  o.e.m.c.i.embedder.EclipseLogger - Using 'UTF-8' encoding to copy filtered resources.
2025-07-18 08:41:47,985 [Worker-15: Building] INFO  o.e.m.c.i.embedder.EclipseLogger - Copying 2 resources
2025-07-18 08:42:20,179 [Worker-13: Building] INFO  o.e.m.c.i.embedder.EclipseLogger - Using 'UTF-8' encoding to copy filtered resources.
2025-07-18 08:42:20,181 [Worker-13: Building] INFO  o.e.m.c.i.embedder.EclipseLogger - skip non existing resourceDirectory D:\AViIT\Demos\Selenium_11\MyCucumberProject\src\main\resources
2025-07-18 08:42:20,183 [Worker-13: Building] INFO  o.e.m.c.i.embedder.EclipseLogger - Using 'UTF-8' encoding to copy filtered resources.
2025-07-18 08:42:20,185 [Worker-13: Building] INFO  o.e.m.c.i.embedder.EclipseLogger - Copying 2 resources
2025-07-18 08:43:34,653 [Worker-13: Building] INFO  o.e.m.c.i.embedder.EclipseLogger - Using 'UTF-8' encoding to copy filtered resources.
2025-07-18 08:43:34,653 [Worker-13: Building] INFO  o.e.m.c.i.embedder.EclipseLogger - skip non existing resourceDirectory D:\AViIT\Demos\Selenium_11\MyCucumberProject\src\main\resources
2025-07-18 08:43:34,655 [Worker-13: Building] INFO  o.e.m.c.i.embedder.EclipseLogger - Using 'UTF-8' encoding to copy filtered resources.
2025-07-18 08:43:34,656 [Worker-13: Building] INFO  o.e.m.c.i.embedder.EclipseLogger - Copying 2 resources
2025-07-18 08:45:04,059 [Worker-14: Building] INFO  o.e.m.c.i.embedder.EclipseLogger - Using 'UTF-8' encoding to copy filtered resources.
2025-07-18 08:45:04,060 [Worker-14: Building] INFO  o.e.m.c.i.embedder.EclipseLogger - skip non existing resourceDirectory D:\AViIT\Demos\Selenium_11\MyCucumberProject\src\main\resources
2025-07-18 08:45:04,063 [Worker-14: Building] INFO  o.e.m.c.i.embedder.EclipseLogger - Using 'UTF-8' encoding to copy filtered resources.
2025-07-18 08:45:04,064 [Worker-14: Building] INFO  o.e.m.c.i.embedder.EclipseLogger - Copying 2 resources
2025-07-18 09:28:53,649 [Worker-19: Building] INFO  o.e.m.c.i.embedder.EclipseLogger - Using 'UTF-8' encoding to copy filtered resources.
2025-07-18 09:28:53,651 [Worker-19: Building] INFO  o.e.m.c.i.embedder.EclipseLogger - skip non existing resourceDirectory D:\AViIT\Demos\Selenium_11\MyCucumberProject\src\main\resources
2025-07-18 09:28:53,654 [Worker-19: Building] INFO  o.e.m.c.i.embedder.EclipseLogger - Using 'UTF-8' encoding to copy filtered resources.
2025-07-18 09:28:53,658 [Worker-19: Building] INFO  o.e.m.c.i.embedder.EclipseLogger - Copying 2 resources
2025-07-18 09:29:38,643 [Worker-19: Building] INFO  o.e.m.c.i.l.LifecycleMappingFactory - Using org.eclipse.m2e.jdt.JarLifecycleMapping lifecycle mapping for MavenProject: MyCucumberProject:MyCucumberProject:0.0.1-SNAPSHOT @ D:\AViIT\Demos\Selenium_11\MyCucumberProject\pom.xml.
2025-07-18 09:29:40,534 [Worker-19: Building] INFO  o.e.m.c.i.embedder.EclipseLogger - Using 'UTF-8' encoding to copy filtered resources.
2025-07-18 09:29:40,534 [Worker-19: Building] INFO  o.e.m.c.i.embedder.EclipseLogger - skip non existing resourceDirectory D:\AViIT\Demos\Selenium_11\MyCucumberProject\src\main\resources
2025-07-18 09:29:40,536 [Worker-19: Building] INFO  o.e.m.c.i.embedder.EclipseLogger - Using 'UTF-8' encoding to copy filtered resources.
2025-07-18 09:29:40,538 [Worker-19: Building] INFO  o.e.m.c.i.embedder.EclipseLogger - Copying 0 resource
2025-07-18 09:29:42,596 [Worker-14: Building] INFO  o.e.m.c.i.embedder.EclipseLogger - Using 'UTF-8' encoding to copy filtered resources.
2025-07-18 09:29:42,597 [Worker-14: Building] INFO  o.e.m.c.i.embedder.EclipseLogger - skip non existing resourceDirectory D:\AViIT\Demos\Selenium_11\MyCucumberProject\src\main\resources
2025-07-18 09:29:42,600 [Worker-14: Building] INFO  o.e.m.c.i.embedder.EclipseLogger - Using 'UTF-8' encoding to copy filtered resources.
2025-07-18 09:29:42,601 [Worker-14: Building] INFO  o.e.m.c.i.embedder.EclipseLogger - Copying 2 resources
2025-07-18 09:31:11,678 [Worker-21: Building] INFO  o.e.m.c.i.embedder.EclipseLogger - Using 'UTF-8' encoding to copy filtered resources.
2025-07-18 09:31:11,679 [Worker-21: Building] INFO  o.e.m.c.i.embedder.EclipseLogger - skip non existing resourceDirectory D:\AViIT\Demos\Selenium_11\MyCucumberProject\src\main\resources
2025-07-18 09:31:11,680 [Worker-21: Building] INFO  o.e.m.c.i.embedder.EclipseLogger - Using 'UTF-8' encoding to copy filtered resources.
2025-07-18 09:31:11,681 [Worker-21: Building] INFO  o.e.m.c.i.embedder.EclipseLogger - Copying 2 resources
2025-07-21 08:37:14,167 [Worker-12: Loading available Gradle versions] INFO  o.e.b.c.i.u.g.PublishedGradleVersions - Gradle version information cache is out-of-date. Trying to update.
2025-07-21 08:37:41,929 [Worker-14: Building] INFO  o.e.m.c.i.embedder.EclipseLogger - Using 'UTF-8' encoding to copy filtered resources.
2025-07-21 08:37:41,930 [Worker-14: Building] INFO  o.e.m.c.i.embedder.EclipseLogger - skip non existing resourceDirectory D:\AViIT\Demos\Selenium_11\MyCucumberProject\src\main\resources
2025-07-21 08:37:41,937 [Worker-14: Building] INFO  o.e.m.c.i.embedder.EclipseLogger - Using 'UTF-8' encoding to copy filtered resources.
2025-07-21 08:37:41,945 [Worker-14: Building] INFO  o.e.m.c.i.embedder.EclipseLogger - Copying 3 resources
2025-07-21 08:41:05,275 [Worker-18: Building] INFO  o.e.m.c.i.embedder.EclipseLogger - Using 'UTF-8' encoding to copy filtered resources.
2025-07-21 08:41:05,275 [Worker-18: Building] INFO  o.e.m.c.i.embedder.EclipseLogger - skip non existing resourceDirectory D:\AViIT\Demos\Selenium_11\MyCucumberProject\src\main\resources
2025-07-21 08:41:05,277 [Worker-18: Building] INFO  o.e.m.c.i.embedder.EclipseLogger - Using 'UTF-8' encoding to copy filtered resources.
2025-07-21 08:41:05,281 [Worker-18: Building] INFO  o.e.m.c.i.embedder.EclipseLogger - Copying 1 resource
2025-07-21 08:45:29,404 [Worker-18: Building] INFO  o.e.m.c.i.embedder.EclipseLogger - Using 'UTF-8' encoding to copy filtered resources.
2025-07-21 08:45:29,404 [Worker-18: Building] INFO  o.e.m.c.i.embedder.EclipseLogger - skip non existing resourceDirectory D:\AViIT\Demos\Selenium_11\MyCucumberProject\src\main\resources
2025-07-21 08:45:29,407 [Worker-18: Building] INFO  o.e.m.c.i.embedder.EclipseLogger - Using 'UTF-8' encoding to copy filtered resources.
2025-07-21 08:45:29,408 [Worker-18: Building] INFO  o.e.m.c.i.embedder.EclipseLogger - Copying 1 resource
2025-07-21 08:46:04,776 [Worker-20: Building] INFO  o.e.m.c.i.embedder.EclipseLogger - Using 'UTF-8' encoding to copy filtered resources.
2025-07-21 08:46:04,776 [Worker-20: Building] INFO  o.e.m.c.i.embedder.EclipseLogger - skip non existing resourceDirectory D:\AViIT\Demos\Selenium_11\MyCucumberProject\src\main\resources
2025-07-21 08:46:04,778 [Worker-20: Building] INFO  o.e.m.c.i.embedder.EclipseLogger - Using 'UTF-8' encoding to copy filtered resources.
2025-07-21 08:46:04,779 [Worker-20: Building] INFO  o.e.m.c.i.embedder.EclipseLogger - Copying 1 resource
2025-07-21 08:47:01,737 [Worker-21: Building] INFO  o.e.m.c.i.embedder.EclipseLogger - Using 'UTF-8' encoding to copy filtered resources.
2025-07-21 08:47:01,738 [Worker-21: Building] INFO  o.e.m.c.i.embedder.EclipseLogger - skip non existing resourceDirectory D:\AViIT\Demos\Selenium_11\MyCucumberProject\src\main\resources
2025-07-21 08:47:01,740 [Worker-21: Building] INFO  o.e.m.c.i.embedder.EclipseLogger - Using 'UTF-8' encoding to copy filtered resources.
2025-07-21 08:47:01,744 [Worker-21: Building] INFO  o.e.m.c.i.embedder.EclipseLogger - Copying 3 resources
2025-07-21 08:54:51,370 [Worker-18: Building] INFO  o.e.m.c.i.embedder.EclipseLogger - Using 'UTF-8' encoding to copy filtered resources.
2025-07-21 08:54:51,371 [Worker-18: Building] INFO  o.e.m.c.i.embedder.EclipseLogger - skip non existing resourceDirectory D:\AViIT\Demos\Selenium_11\MyCucumberProject\src\main\resources
2025-07-21 08:54:51,372 [Worker-18: Building] INFO  o.e.m.c.i.embedder.EclipseLogger - Using 'UTF-8' encoding to copy filtered resources.
2025-07-21 08:54:51,374 [Worker-18: Building] INFO  o.e.m.c.i.embedder.EclipseLogger - Copying 3 resources
2025-07-21 08:55:14,928 [Worker-18: Building] INFO  o.e.m.c.i.embedder.EclipseLogger - Using 'UTF-8' encoding to copy filtered resources.
2025-07-21 08:55:14,928 [Worker-18: Building] INFO  o.e.m.c.i.embedder.EclipseLogger - skip non existing resourceDirectory D:\AViIT\Demos\Selenium_11\MyCucumberProject\src\main\resources
2025-07-21 08:55:14,930 [Worker-18: Building] INFO  o.e.m.c.i.embedder.EclipseLogger - Using 'UTF-8' encoding to copy filtered resources.
2025-07-21 08:55:14,931 [Worker-18: Building] INFO  o.e.m.c.i.embedder.EclipseLogger - Copying 3 resources
2025-07-21 08:55:34,311 [Worker-23: Building] INFO  o.e.m.c.i.embedder.EclipseLogger - Using 'UTF-8' encoding to copy filtered resources.
2025-07-21 08:55:34,312 [Worker-23: Building] INFO  o.e.m.c.i.embedder.EclipseLogger - skip non existing resourceDirectory D:\AViIT\Demos\Selenium_11\MyCucumberProject\src\main\resources
2025-07-21 08:55:34,318 [Worker-23: Building] INFO  o.e.m.c.i.embedder.EclipseLogger - Using 'UTF-8' encoding to copy filtered resources.
2025-07-21 08:55:34,320 [Worker-23: Building] INFO  o.e.m.c.i.embedder.EclipseLogger - Copying 3 resources
2025-07-21 08:56:02,491 [Worker-21: Building] INFO  o.e.m.c.i.embedder.EclipseLogger - Using 'UTF-8' encoding to copy filtered resources.
2025-07-21 08:56:02,492 [Worker-21: Building] INFO  o.e.m.c.i.embedder.EclipseLogger - skip non existing resourceDirectory D:\AViIT\Demos\Selenium_11\MyCucumberProject\src\main\resources
2025-07-21 08:56:02,494 [Worker-21: Building] INFO  o.e.m.c.i.embedder.EclipseLogger - Using 'UTF-8' encoding to copy filtered resources.
2025-07-21 08:56:02,494 [Worker-21: Building] INFO  o.e.m.c.i.embedder.EclipseLogger - Copying 3 resources
2025-07-21 08:56:14,297 [Worker-18: Building] INFO  o.e.m.c.i.embedder.EclipseLogger - Using 'UTF-8' encoding to copy filtered resources.
2025-07-21 08:56:14,297 [Worker-18: Building] INFO  o.e.m.c.i.embedder.EclipseLogger - skip non existing resourceDirectory D:\AViIT\Demos\Selenium_11\MyCucumberProject\src\main\resources
2025-07-21 08:56:14,299 [Worker-18: Building] INFO  o.e.m.c.i.embedder.EclipseLogger - Using 'UTF-8' encoding to copy filtered resources.
2025-07-21 08:56:14,301 [Worker-18: Building] INFO  o.e.m.c.i.embedder.EclipseLogger - Copying 3 resources
2025-07-21 09:35:37,342 [Worker-24: Building] INFO  o.e.m.c.i.embedder.EclipseLogger - Using 'UTF-8' encoding to copy filtered resources.
2025-07-21 09:35:37,342 [Worker-24: Building] INFO  o.e.m.c.i.embedder.EclipseLogger - skip non existing resourceDirectory D:\AViIT\Demos\Selenium_11\MyCucumberProject\src\main\resources
2025-07-21 09:35:37,344 [Worker-24: Building] INFO  o.e.m.c.i.embedder.EclipseLogger - Using 'UTF-8' encoding to copy filtered resources.
2025-07-21 09:35:37,344 [Worker-24: Building] INFO  o.e.m.c.i.embedder.EclipseLogger - Copying 1 resource
2025-07-21 09:37:37,089 [Worker-25: Building] INFO  o.e.m.c.i.embedder.EclipseLogger - Using 'UTF-8' encoding to copy filtered resources.
2025-07-21 09:37:37,090 [Worker-25: Building] INFO  o.e.m.c.i.embedder.EclipseLogger - skip non existing resourceDirectory D:\AViIT\Demos\Selenium_11\MyCucumberProject\src\main\resources
2025-07-21 09:37:37,091 [Worker-25: Building] INFO  o.e.m.c.i.embedder.EclipseLogger - Using 'UTF-8' encoding to copy filtered resources.
2025-07-21 09:37:37,092 [Worker-25: Building] INFO  o.e.m.c.i.embedder.EclipseLogger - Copying 1 resource
2025-07-21 09:37:45,909 [Worker-27: Launching F03TiraBeauty.feature] INFO  o.e.m.c.i.embedder.EclipseLogger - Using 'UTF-8' encoding to copy filtered resources.
2025-07-21 09:37:45,909 [Worker-27: Launching F03TiraBeauty.feature] INFO  o.e.m.c.i.embedder.EclipseLogger - skip non existing resourceDirectory D:\AViIT\Demos\Selenium_11\MyCucumberProject\src\main\resources
2025-07-21 09:37:45,910 [Worker-27: Launching F03TiraBeauty.feature] INFO  o.e.m.c.i.embedder.EclipseLogger - Using 'UTF-8' encoding to copy filtered resources.
2025-07-21 09:37:45,916 [Worker-27: Launching F03TiraBeauty.feature] INFO  o.e.m.c.i.embedder.EclipseLogger - Copying 1 resource
2025-07-21 09:38:22,660 [Worker-27: Building] INFO  o.e.m.c.i.embedder.EclipseLogger - Using 'UTF-8' encoding to copy filtered resources.
2025-07-21 09:38:22,660 [Worker-27: Building] INFO  o.e.m.c.i.embedder.EclipseLogger - skip non existing resourceDirectory D:\AViIT\Demos\Selenium_11\MyCucumberProject\src\main\resources
2025-07-21 09:38:22,662 [Worker-27: Building] INFO  o.e.m.c.i.embedder.EclipseLogger - Using 'UTF-8' encoding to copy filtered resources.
2025-07-21 09:38:22,663 [Worker-27: Building] INFO  o.e.m.c.i.embedder.EclipseLogger - Copying 4 resources
2025-07-21 09:41:53,105 [Worker-26: Building] INFO  o.e.m.c.i.embedder.EclipseLogger - Using 'UTF-8' encoding to copy filtered resources.
2025-07-21 09:41:53,106 [Worker-26: Building] INFO  o.e.m.c.i.embedder.EclipseLogger - skip non existing resourceDirectory D:\AViIT\Demos\Selenium_11\MyCucumberProject\src\main\resources
2025-07-21 09:41:53,107 [Worker-26: Building] INFO  o.e.m.c.i.embedder.EclipseLogger - Using 'UTF-8' encoding to copy filtered resources.
2025-07-21 09:41:53,108 [Worker-26: Building] INFO  o.e.m.c.i.embedder.EclipseLogger - Copying 4 resources
2025-07-21 09:42:50,079 [Worker-25: Building] INFO  o.e.m.c.i.embedder.EclipseLogger - Using 'UTF-8' encoding to copy filtered resources.
2025-07-21 09:42:50,080 [Worker-25: Building] INFO  o.e.m.c.i.embedder.EclipseLogger - skip non existing resourceDirectory D:\AViIT\Demos\Selenium_11\MyCucumberProject\src\main\resources
2025-07-21 09:42:50,083 [Worker-25: Building] INFO  o.e.m.c.i.embedder.EclipseLogger - Using 'UTF-8' encoding to copy filtered resources.
2025-07-21 09:42:50,084 [Worker-25: Building] INFO  o.e.m.c.i.embedder.EclipseLogger - Copying 4 resources
2025-07-21 09:43:24,337 [Worker-25: Building] INFO  o.e.m.c.i.embedder.EclipseLogger - Using 'UTF-8' encoding to copy filtered resources.
2025-07-21 09:43:24,338 [Worker-25: Building] INFO  o.e.m.c.i.embedder.EclipseLogger - skip non existing resourceDirectory D:\AViIT\Demos\Selenium_11\MyCucumberProject\src\main\resources
2025-07-21 09:43:24,340 [Worker-25: Building] INFO  o.e.m.c.i.embedder.EclipseLogger - Using 'UTF-8' encoding to copy filtered resources.
2025-07-21 09:43:24,343 [Worker-25: Building] INFO  o.e.m.c.i.embedder.EclipseLogger - Copying 4 resources
2025-07-21 09:43:33,545 [Worker-25: Building] INFO  o.e.m.c.i.embedder.EclipseLogger - Using 'UTF-8' encoding to copy filtered resources.
2025-07-21 09:43:33,545 [Worker-25: Building] INFO  o.e.m.c.i.embedder.EclipseLogger - skip non existing resourceDirectory D:\AViIT\Demos\Selenium_11\MyCucumberProject\src\main\resources
2025-07-21 09:43:33,547 [Worker-25: Building] INFO  o.e.m.c.i.embedder.EclipseLogger - Using 'UTF-8' encoding to copy filtered resources.
2025-07-21 09:43:33,548 [Worker-25: Building] INFO  o.e.m.c.i.embedder.EclipseLogger - Copying 4 resources
2025-07-21 09:48:55,854 [Worker-26: Building] INFO  o.e.m.c.i.embedder.EclipseLogger - Using 'UTF-8' encoding to copy filtered resources.
2025-07-21 09:48:55,854 [Worker-26: Building] INFO  o.e.m.c.i.embedder.EclipseLogger - skip non existing resourceDirectory D:\AViIT\Demos\Selenium_11\MyCucumberProject\src\main\resources
2025-07-21 09:48:55,856 [Worker-26: Building] INFO  o.e.m.c.i.embedder.EclipseLogger - Using 'UTF-8' encoding to copy filtered resources.
2025-07-21 09:48:55,857 [Worker-26: Building] INFO  o.e.m.c.i.embedder.EclipseLogger - Copying 4 resources
2025-07-21 09:51:36,916 [Worker-34: Building] INFO  o.e.m.c.i.embedder.EclipseLogger - Using 'UTF-8' encoding to copy filtered resources.
2025-07-21 09:51:36,916 [Worker-34: Building] INFO  o.e.m.c.i.embedder.EclipseLogger - skip non existing resourceDirectory D:\AViIT\Demos\Selenium_11\MyCucumberProject\src\main\resources
2025-07-21 09:51:36,919 [Worker-34: Building] INFO  o.e.m.c.i.embedder.EclipseLogger - Using 'UTF-8' encoding to copy filtered resources.
2025-07-21 09:51:36,921 [Worker-34: Building] INFO  o.e.m.c.i.embedder.EclipseLogger - Copying 4 resources
2025-07-21 09:58:11,900 [Worker-35: Building] INFO  o.e.m.c.i.embedder.EclipseLogger - Using 'UTF-8' encoding to copy filtered resources.
2025-07-21 09:58:11,901 [Worker-35: Building] INFO  o.e.m.c.i.embedder.EclipseLogger - skip non existing resourceDirectory D:\AViIT\Demos\Selenium_11\MyCucumberProject\src\main\resources
2025-07-21 09:58:11,903 [Worker-35: Building] INFO  o.e.m.c.i.embedder.EclipseLogger - Using 'UTF-8' encoding to copy filtered resources.
2025-07-21 09:58:11,903 [Worker-35: Building] INFO  o.e.m.c.i.embedder.EclipseLogger - Copying 1 resource
2025-07-21 09:58:31,258 [Worker-33: Building] INFO  o.e.m.c.i.embedder.EclipseLogger - Using 'UTF-8' encoding to copy filtered resources.
2025-07-21 09:58:31,259 [Worker-33: Building] INFO  o.e.m.c.i.embedder.EclipseLogger - skip non existing resourceDirectory D:\AViIT\Demos\Selenium_11\MyCucumberProject\src\main\resources
2025-07-21 09:58:31,260 [Worker-33: Building] INFO  o.e.m.c.i.embedder.EclipseLogger - Using 'UTF-8' encoding to copy filtered resources.
2025-07-21 09:58:31,262 [Worker-33: Building] INFO  o.e.m.c.i.embedder.EclipseLogger - Copying 4 resources
2025-07-21 09:58:55,540 [Worker-26: Building] INFO  o.e.m.c.i.embedder.EclipseLogger - Using 'UTF-8' encoding to copy filtered resources.
2025-07-21 09:58:55,540 [Worker-26: Building] INFO  o.e.m.c.i.embedder.EclipseLogger - skip non existing resourceDirectory D:\AViIT\Demos\Selenium_11\MyCucumberProject\src\main\resources
2025-07-21 09:58:55,542 [Worker-26: Building] INFO  o.e.m.c.i.embedder.EclipseLogger - Using 'UTF-8' encoding to copy filtered resources.
2025-07-21 09:58:55,543 [Worker-26: Building] INFO  o.e.m.c.i.embedder.EclipseLogger - Copying 4 resources
2025-07-21 10:00:08,065 [Worker-36: Building] INFO  o.e.m.c.i.embedder.EclipseLogger - Using 'UTF-8' encoding to copy filtered resources.
2025-07-21 10:00:08,066 [Worker-36: Building] INFO  o.e.m.c.i.embedder.EclipseLogger - skip non existing resourceDirectory D:\AViIT\Demos\Selenium_11\MyCucumberProject\src\main\resources
2025-07-21 10:00:08,067 [Worker-36: Building] INFO  o.e.m.c.i.embedder.EclipseLogger - Using 'UTF-8' encoding to copy filtered resources.
2025-07-21 10:00:08,068 [Worker-36: Building] INFO  o.e.m.c.i.embedder.EclipseLogger - Copying 4 resources
2025-07-21 10:01:28,572 [Worker-35: Building] INFO  o.e.m.c.i.embedder.EclipseLogger - Using 'UTF-8' encoding to copy filtered resources.
2025-07-21 10:01:28,572 [Worker-35: Building] INFO  o.e.m.c.i.embedder.EclipseLogger - skip non existing resourceDirectory D:\AViIT\Demos\Selenium_11\MyCucumberProject\src\main\resources
2025-07-21 10:01:28,573 [Worker-35: Building] INFO  o.e.m.c.i.embedder.EclipseLogger - Using 'UTF-8' encoding to copy filtered resources.
2025-07-21 10:01:28,574 [Worker-35: Building] INFO  o.e.m.c.i.embedder.EclipseLogger - Copying 4 resources
2025-07-21 10:03:11,049 [Worker-36: Building] INFO  o.e.m.c.i.embedder.EclipseLogger - Using 'UTF-8' encoding to copy filtered resources.
2025-07-21 10:03:11,049 [Worker-36: Building] INFO  o.e.m.c.i.embedder.EclipseLogger - skip non existing resourceDirectory D:\AViIT\Demos\Selenium_11\MyCucumberProject\src\main\resources
2025-07-21 10:03:11,051 [Worker-36: Building] INFO  o.e.m.c.i.embedder.EclipseLogger - Using 'UTF-8' encoding to copy filtered resources.
2025-07-21 10:03:11,054 [Worker-36: Building] INFO  o.e.m.c.i.embedder.EclipseLogger - Copying 4 resources
2025-07-21 10:03:35,704 [Worker-26: Building] INFO  o.e.m.c.i.embedder.EclipseLogger - Using 'UTF-8' encoding to copy filtered resources.
2025-07-21 10:03:35,704 [Worker-26: Building] INFO  o.e.m.c.i.embedder.EclipseLogger - skip non existing resourceDirectory D:\AViIT\Demos\Selenium_11\MyCucumberProject\src\main\resources
2025-07-21 10:03:35,730 [Worker-26: Building] INFO  o.e.m.c.i.embedder.EclipseLogger - Using 'UTF-8' encoding to copy filtered resources.
2025-07-21 10:03:35,731 [Worker-26: Building] INFO  o.e.m.c.i.embedder.EclipseLogger - Copying 4 resources
2025-07-21 10:05:25,672 [Worker-33: Building] INFO  o.e.m.c.i.embedder.EclipseLogger - Using 'UTF-8' encoding to copy filtered resources.
2025-07-21 10:05:25,672 [Worker-33: Building] INFO  o.e.m.c.i.embedder.EclipseLogger - skip non existing resourceDirectory D:\AViIT\Demos\Selenium_11\MyCucumberProject\src\main\resources
2025-07-21 10:05:25,676 [Worker-33: Building] INFO  o.e.m.c.i.embedder.EclipseLogger - Using 'UTF-8' encoding to copy filtered resources.
2025-07-21 10:05:25,677 [Worker-33: Building] INFO  o.e.m.c.i.embedder.EclipseLogger - Copying 4 resources
2025-07-21 10:05:40,098 [Worker-33: Building] INFO  o.e.m.c.i.embedder.EclipseLogger - Using 'UTF-8' encoding to copy filtered resources.
2025-07-21 10:05:40,098 [Worker-33: Building] INFO  o.e.m.c.i.embedder.EclipseLogger - skip non existing resourceDirectory D:\AViIT\Demos\Selenium_11\MyCucumberProject\src\main\resources
2025-07-21 10:05:40,099 [Worker-33: Building] INFO  o.e.m.c.i.embedder.EclipseLogger - Using 'UTF-8' encoding to copy filtered resources.
2025-07-21 10:05:40,100 [Worker-33: Building] INFO  o.e.m.c.i.embedder.EclipseLogger - Copying 1 resource
2025-07-21 10:05:50,541 [Worker-33: Building] INFO  o.e.m.c.i.embedder.EclipseLogger - Using 'UTF-8' encoding to copy filtered resources.
2025-07-21 10:05:50,541 [Worker-33: Building] INFO  o.e.m.c.i.embedder.EclipseLogger - skip non existing resourceDirectory D:\AViIT\Demos\Selenium_11\MyCucumberProject\src\main\resources
2025-07-21 10:05:50,542 [Worker-33: Building] INFO  o.e.m.c.i.embedder.EclipseLogger - Using 'UTF-8' encoding to copy filtered resources.
2025-07-21 10:05:50,544 [Worker-33: Building] INFO  o.e.m.c.i.embedder.EclipseLogger - Copying 4 resources
2025-07-21 10:08:25,249 [Worker-26: Building] INFO  o.e.m.c.i.embedder.EclipseLogger - Using 'UTF-8' encoding to copy filtered resources.
2025-07-21 10:08:25,249 [Worker-26: Building] INFO  o.e.m.c.i.embedder.EclipseLogger - skip non existing resourceDirectory D:\AViIT\Demos\Selenium_11\MyCucumberProject\src\main\resources
2025-07-21 10:08:25,250 [Worker-26: Building] INFO  o.e.m.c.i.embedder.EclipseLogger - Using 'UTF-8' encoding to copy filtered resources.
2025-07-21 10:08:25,251 [Worker-26: Building] INFO  o.e.m.c.i.embedder.EclipseLogger - Copying 4 resources
2025-07-21 10:29:25,048 [Worker-41: Building] INFO  o.e.m.c.i.embedder.EclipseLogger - Using 'UTF-8' encoding to copy filtered resources.
2025-07-21 10:29:25,048 [Worker-41: Building] INFO  o.e.m.c.i.embedder.EclipseLogger - skip non existing resourceDirectory D:\AViIT\Demos\Selenium_11\MyCucumberProject\src\main\resources
2025-07-21 10:29:25,050 [Worker-41: Building] INFO  o.e.m.c.i.embedder.EclipseLogger - Using 'UTF-8' encoding to copy filtered resources.
2025-07-21 10:29:25,051 [Worker-41: Building] INFO  o.e.m.c.i.embedder.EclipseLogger - Copying 4 resources
2025-07-21 10:31:47,117 [Worker-36: Building] INFO  o.e.m.c.i.embedder.EclipseLogger - Using 'UTF-8' encoding to copy filtered resources.
2025-07-21 10:31:47,118 [Worker-36: Building] INFO  o.e.m.c.i.embedder.EclipseLogger - skip non existing resourceDirectory D:\AViIT\Demos\Selenium_11\MyCucumberProject\src\main\resources
2025-07-21 10:31:47,119 [Worker-36: Building] INFO  o.e.m.c.i.embedder.EclipseLogger - Using 'UTF-8' encoding to copy filtered resources.
2025-07-21 10:31:47,123 [Worker-36: Building] INFO  o.e.m.c.i.embedder.EclipseLogger - Copying 4 resources
2025-07-21 10:31:57,054 [Worker-40: Building] INFO  o.e.m.c.i.embedder.EclipseLogger - Using 'UTF-8' encoding to copy filtered resources.
2025-07-21 10:31:57,054 [Worker-40: Building] INFO  o.e.m.c.i.embedder.EclipseLogger - skip non existing resourceDirectory D:\AViIT\Demos\Selenium_11\MyCucumberProject\src\main\resources
2025-07-21 10:31:57,055 [Worker-40: Building] INFO  o.e.m.c.i.embedder.EclipseLogger - Using 'UTF-8' encoding to copy filtered resources.
2025-07-21 10:31:57,056 [Worker-40: Building] INFO  o.e.m.c.i.embedder.EclipseLogger - Copying 4 resources
2025-07-21 10:32:13,139 [Worker-36: Building] INFO  o.e.m.c.i.embedder.EclipseLogger - Using 'UTF-8' encoding to copy filtered resources.
2025-07-21 10:32:13,140 [Worker-36: Building] INFO  o.e.m.c.i.embedder.EclipseLogger - skip non existing resourceDirectory D:\AViIT\Demos\Selenium_11\MyCucumberProject\src\main\resources
2025-07-21 10:32:13,141 [Worker-36: Building] INFO  o.e.m.c.i.embedder.EclipseLogger - Using 'UTF-8' encoding to copy filtered resources.
2025-07-21 10:32:13,142 [Worker-36: Building] INFO  o.e.m.c.i.embedder.EclipseLogger - Copying 4 resources
2025-07-21 10:33:22,439 [Worker-41: Building] INFO  o.e.m.c.i.embedder.EclipseLogger - Using 'UTF-8' encoding to copy filtered resources.
2025-07-21 10:33:22,439 [Worker-41: Building] INFO  o.e.m.c.i.embedder.EclipseLogger - skip non existing resourceDirectory D:\AViIT\Demos\Selenium_11\MyCucumberProject\src\main\resources
2025-07-21 10:33:22,442 [Worker-41: Building] INFO  o.e.m.c.i.embedder.EclipseLogger - Using 'UTF-8' encoding to copy filtered resources.
2025-07-21 10:33:22,443 [Worker-41: Building] INFO  o.e.m.c.i.embedder.EclipseLogger - Copying 4 resources
2025-07-21 10:33:45,392 [Worker-41: Building] INFO  o.e.m.c.i.embedder.EclipseLogger - Using 'UTF-8' encoding to copy filtered resources.
2025-07-21 10:33:45,392 [Worker-41: Building] INFO  o.e.m.c.i.embedder.EclipseLogger - skip non existing resourceDirectory D:\AViIT\Demos\Selenium_11\MyCucumberProject\src\main\resources
2025-07-21 10:33:45,393 [Worker-41: Building] INFO  o.e.m.c.i.embedder.EclipseLogger - Using 'UTF-8' encoding to copy filtered resources.
2025-07-21 10:33:45,394 [Worker-41: Building] INFO  o.e.m.c.i.embedder.EclipseLogger - Copying 4 resources
2025-07-21 10:35:08,255 [Worker-42: Building] INFO  o.e.m.c.i.embedder.EclipseLogger - Using 'UTF-8' encoding to copy filtered resources.
2025-07-21 10:35:08,256 [Worker-42: Building] INFO  o.e.m.c.i.embedder.EclipseLogger - skip non existing resourceDirectory D:\AViIT\Demos\Selenium_11\MyCucumberProject\src\main\resources
2025-07-21 10:35:08,257 [Worker-42: Building] INFO  o.e.m.c.i.embedder.EclipseLogger - Using 'UTF-8' encoding to copy filtered resources.
2025-07-21 10:35:08,258 [Worker-42: Building] INFO  o.e.m.c.i.embedder.EclipseLogger - Copying 4 resources
2025-07-21 10:35:11,370 [Worker-43: Building] INFO  o.e.m.c.i.embedder.EclipseLogger - Using 'UTF-8' encoding to copy filtered resources.
2025-07-21 10:35:11,371 [Worker-43: Building] INFO  o.e.m.c.i.embedder.EclipseLogger - skip non existing resourceDirectory D:\AViIT\Demos\Selenium_11\MyCucumberProject\src\main\resources
2025-07-21 10:35:11,372 [Worker-43: Building] INFO  o.e.m.c.i.embedder.EclipseLogger - Using 'UTF-8' encoding to copy filtered resources.
2025-07-21 10:35:11,373 [Worker-43: Building] INFO  o.e.m.c.i.embedder.EclipseLogger - Copying 4 resources
2025-07-21 10:35:48,661 [Worker-42: Building] INFO  o.e.m.c.i.embedder.EclipseLogger - Using 'UTF-8' encoding to copy filtered resources.
2025-07-21 10:35:48,661 [Worker-42: Building] INFO  o.e.m.c.i.embedder.EclipseLogger - skip non existing resourceDirectory D:\AViIT\Demos\Selenium_11\MyCucumberProject\src\main\resources
2025-07-21 10:35:48,662 [Worker-42: Building] INFO  o.e.m.c.i.embedder.EclipseLogger - Using 'UTF-8' encoding to copy filtered resources.
2025-07-21 10:35:48,663 [Worker-42: Building] INFO  o.e.m.c.i.embedder.EclipseLogger - Copying 4 resources
2025-07-21 10:36:25,850 [Worker-36: Building] INFO  o.e.m.c.i.embedder.EclipseLogger - Using 'UTF-8' encoding to copy filtered resources.
2025-07-21 10:36:25,851 [Worker-36: Building] INFO  o.e.m.c.i.embedder.EclipseLogger - skip non existing resourceDirectory D:\AViIT\Demos\Selenium_11\MyCucumberProject\src\main\resources
2025-07-21 10:36:25,853 [Worker-36: Building] INFO  o.e.m.c.i.embedder.EclipseLogger - Using 'UTF-8' encoding to copy filtered resources.
2025-07-21 10:36:25,854 [Worker-36: Building] INFO  o.e.m.c.i.embedder.EclipseLogger - Copying 4 resources
2025-07-21 10:36:50,284 [Worker-39: Building] INFO  o.e.m.c.i.embedder.EclipseLogger - Using 'UTF-8' encoding to copy filtered resources.
2025-07-21 10:36:50,284 [Worker-39: Building] INFO  o.e.m.c.i.embedder.EclipseLogger - skip non existing resourceDirectory D:\AViIT\Demos\Selenium_11\MyCucumberProject\src\main\resources
2025-07-21 10:36:50,285 [Worker-39: Building] INFO  o.e.m.c.i.embedder.EclipseLogger - Using 'UTF-8' encoding to copy filtered resources.
2025-07-21 10:36:50,286 [Worker-39: Building] INFO  o.e.m.c.i.embedder.EclipseLogger - Copying 4 resources
2025-07-21 10:36:59,647 [Worker-41: Building] INFO  o.e.m.c.i.embedder.EclipseLogger - Using 'UTF-8' encoding to copy filtered resources.
2025-07-21 10:36:59,647 [Worker-41: Building] INFO  o.e.m.c.i.embedder.EclipseLogger - skip non existing resourceDirectory D:\AViIT\Demos\Selenium_11\MyCucumberProject\src\main\resources
2025-07-21 10:36:59,648 [Worker-41: Building] INFO  o.e.m.c.i.embedder.EclipseLogger - Using 'UTF-8' encoding to copy filtered resources.
2025-07-21 10:36:59,652 [Worker-41: Building] INFO  o.e.m.c.i.embedder.EclipseLogger - Copying 4 resources
